kp,ki,kd,max_throttle,crashed,runtime,distance,total_absolute_cte
0.1,0.0025,0.01,0.3,true,38.6641,434.382,36.3305
0.2,0.0025,0.01,0.3,true,29.2037,298.059,23.6329
0.0,0.0025,0.01,0.3,true,17.4272,135.547,35.6095
0.1,0.10250000000000001,0.01,0.3,true,8.45362,37.3914,10.2173
0.1,-0.0975,0.01,0.3,true,5.81538,17.3,8.85514
0.1,0.0025000000000000022,0.11,0.3,false,90.0147,1209.49,43.9827
0.1,0.0025000000000000022,0.11,0.4,false,90.0134,1583.63,42.1864
0.19,0.0025000000000000022,0.11,0.4,false,90.0189,1568.87,27.5284
0.009999999999999981,0.0025000000000000022,0.11,0.4,true,47.0443,751.983,56.9109
0.09999999999999999,0.09250000000000001,0.11,0.4,false,90.0274,1586.77,35.0557
0.09999999999999999,0.09250000000000001,0.22000000000000003,0.4,false,90.013,1481.17,41.046
0.09999999999999999,0.09250000000000001,0.0,0.4,true,7.56564,39.1964,8.96427
0.09999999999999999,0.09250000000000001,0.11000000000000001,0.51,false,90.0133,1963.35,45.9456
0.181,0.09250000000000001,0.11000000000000001,0.51,false,90.0304,1927.02,35.6119
0.01899999999999996,0.09250000000000001,0.11000000000000001,0.51,false,90.0109,1987.27,91.8281
0.01899999999999996,0.19150000000000003,0.11000000000000001,0.51,true,7.11876,45.9004,9.85805
0.01899999999999996,-0.006500000000000006,0.11000000000000001,0.51,true,12.0564,124.184,24.5665
0.01899999999999996,0.09250000000000001,0.20900000000000002,0.51,true,49.6459,936.577,60.7238
0.01899999999999996,0.09250000000000001,0.010999999999999982,0.51,true,7.15454,45.9861,10.4639
0.01899999999999996,0.09250000000000001,0.11,0.631,true,35.6267,801.573,41.8488
0.01899999999999996,0.09250000000000001,0.11,0.38899999999999996,false,90.0252,1536.71,134.805
0.10809999999999999,0.09250000000000001,0.11,0.51,false,90.0173,1965.73,43.7213
-0.07010000000000007,0.09250000000000001,0.11,0.51,true,8.99603,71.9308,15.1872
0.01899999999999996,0.18160000000000004,0.11,0.51,true,7.2897,47.0378,10.0809
0.01899999999999996,0.003400000000000014,0.11,0.51,true,40.3827,779.838,43.1519
0.01899999999999996,0.09250000000000003,0.1991,0.51,true,49.6034,937.313,64.2932
0.01899999999999996,0.09250000000000003,0.020899999999999974,0.51,true,7.26094,47.0899,10.3185
0.01899999999999996,0.09250000000000003,0.10999999999999999,0.6189,true,36.0478,802.627,42.298
0.01899999999999996,0.09250000000000003,0.10999999999999999,0.40109999999999996,false,90.0073,1587.79,114.923
0.09918999999999999,0.09250000000000003,0.10999999999999999,0.51,false,90.0147,1965.19,47.1581
-0.061190000000000064,0.09250000000000003,0.10999999999999999,0.51,true,8.92753,71.0135,14.093
0.01899999999999996,0.17269000000000004,0.10999999999999999,0.51,true,9.56918,75.7481,17.5658
0.01899999999999996,0.012310000000000015,0.10999999999999999,0.51,true,45.2697,895.736,56.2439
0.01899999999999996,0.09250000000000003,0.19019,0.51,true,44.1513,820.119,53.2958
0.01899999999999996,0.09250000000000003,0.029809999999999975,0.51,true,7.3147,48.9574,10.1137
0.01899999999999996,0.09250000000000003,0.10999999999999999,0.60801,true,36.9307,812.859,43.6922
0.01899999999999996,0.09250000000000003,0.10999999999999999,0.41198999999999997,false,90.0007,1634.1,120.234
0.09117099999999999,0.09250000000000003,0.10999999999999999,0.51,false,90.0285,1969.83,47.7633
-0.053171000000000065,0.09250000000000003,0.10999999999999999,0.51,true,8.88121,70.9196,13.3718
0.01899999999999996,0.16467100000000004,0.10999999999999999,0.51,true,9.70414,79.7324,16.5872
0.01899999999999996,0.020329000000000014,0.10999999999999999,0.51,true,38.8417,741.27,39.2695
0.01899999999999996,0.09250000000000003,0.182171,0.51,true,44.0755,819.802,54.3945
0.01899999999999996,0.09250000000000003,0.037828999999999974,0.51,true,7.44884,50.2976,9.90468
0.01899999999999996,0.09250000000000003,0.10999999999999999,0.598209,true,36.936,801.354,44.1921
0.01899999999999996,0.09250000000000003,0.10999999999999999,0.4217909999999999,false,90.0348,1670.81,117.532
0.08395389999999998,0.09250000000000003,0.10999999999999999,0.5099999999999999,false,90.0154,1969.31,50.1028
-0.04595390000000006,0.09250000000000003,0.10999999999999999,0.5099999999999999,true,8.95713,71.2476,13.0208
0.01899999999999996,0.15745390000000004,0.10999999999999999,0.5099999999999999,true,10.0336,87.0705,16.7374
0.01899999999999996,0.027546100000000018,0.10999999999999999,0.5099999999999999,true,38.706,738.19,38.2219
0.01899999999999996,0.09250000000000003,0.1749539,0.5099999999999999,true,53.4573,963.866,85.844
0.01899999999999996,0.09250000000000003,0.04504609999999998,0.5099999999999999,true,7.55503,52.1808,9.89091
0.01899999999999996,0.09250000000000003,0.10999999999999999,0.5893880999999999,false,90.019,2197.1,119.108
0.07745850999999998,0.09250000000000003,0.10999999999999999,0.5893880999999999,false,90.0059,2218.9,64.1791
0.07745850999999998,0.15095851000000005,0.10999999999999999,0.5893880999999999,false,90.0078,2216.48,58.6939
0.07745850999999998,0.03404149000000002,0.10999999999999999,0.5893880999999999,true,40.4224,879.023,26.3108
0.07745850999999998,0.09250000000000003,0.16845851,0.5893880999999999,false,90.0064,2093.04,78.2477
0.07745850999999998,0.09250000000000003,0.05154148999999998,0.5893880999999999,false,90.0191,2328.75,66.2302
0.07745850999999998,0.09250000000000003,0.05154148999999998,0.6767150099999999,false,90.0261,2667.03,62.4867
0.141762871,0.09250000000000003,0.05154148999999998,0.6767150099999999,true,21.4101,413.479,20.1116
0.013154148999999948,0.09250000000000003,0.05154148999999998,0.6767150099999999,true,7.12447,62.0852,9.33692
0.07745850999999998,0.14511265900000003,0.05154148999999998,0.6767150099999999,true,9.2516,99.906,15.5205
0.07745850999999998,0.03988734100000001,0.05154148999999998,0.6767150099999999,false,90.03,2685.62,60.2604
0.07745850999999998,0.03988734100000001,0.115845851,0.6767150099999999,true,36.9605,879.845,26.0443
0.07745850999999998,0.03988734100000001,-0.012762871000000037,0.6767150099999999,true,6.62578,53.7288,7.09539
0.07745850999999998,0.03988734100000001,0.05154148999999998,0.7727746109999999,true,56.0431,1753.92,39.0665
0.07745850999999998,0.03988734100000001,0.05154148999999998,0.5806554089999998,false,90.0099,2330.22,59.4692
0.13533243490000002,0.03988734100000001,0.05154148999999998,0.6767150099999998,true,26.0518,563.813,17.6665
0.019584585099999954,0.03988734100000001,0.05154148999999998,0.6767150099999998,true,30.8382,726.316,35.9246
0.07745850999999998,0.09776126590000003,0.05154148999999998,0.6767150099999998,false,90.0137,2661.98,62.0061
0.07745850999999998,-0.017986583900000006,0.05154148999999998,0.6767150099999998,true,11.972,161.966,22.2296
0.07745850999999998,0.039887341000000014,0.10941541490000001,0.6767150099999998,true,36.8147,880.031,26.4457
0.07745850999999998,0.039887341000000014,-0.006332434900000031,0.6767150099999998,true,7.06396,60.3491,8.30762
0.07745850999999998,0.039887341000000014,0.05154148999999999,0.7631686508999999,false,90.0155,2974.47,70.4401
0.12954504241,0.039887341000000014,0.05154148999999999,0.7631686508999999,true,21.0056,454.857,13.1238
0.02537197758999994,0.039887341000000014,0.05154148999999999,0.7631686508999999,true,28.202,721.552,30.809
0.07745850999999998,0.09197387341000003,0.05154148999999999,0.7631686508999999,true,57.0904,1751.18,43.2525
0.07745850999999998,-0.012199191410000004,0.05154148999999999,0.7631686508999999,true,15.501,287.763,28.5497
0.07745850999999998,0.039887341000000014,0.10362802241,0.7631686508999999,true,29.8978,754.543,17.1427
0.07745850999999998,0.039887341000000014,-0.0005450424100000295,0.7631686508999999,true,7.71046,81.103,9.46299
0.07745850999999998,0.039887341000000014,0.05154148999999999,0.8582676558899999,true,26.404,731.233,16.1111
0.07745850999999998,0.039887341000000014,0.05154148999999999,0.6680696459099997,false,90.0298,2649.51,60.693
0.124336389169,0.039887341000000014,0.05154148999999999,0.7631686508999997,true,21.1302,457.92,13.568
0.030580630830999947,0.039887341000000014,0.05154148999999999,0.7631686508999997,true,29.1509,747.911,30.0356
0.07745850999999998,0.08676522016900004,0.05154148999999999,0.7631686508999997,true,56.7952,1750.29,41.0321
0.07745850999999998,-0.006990538168999999,0.05154148999999999,0.7631686508999997,true,24.2313,582.481,45.0919
0.07745850999999998,0.03988734100000002,0.09841936916900001,0.7631686508999997,true,33.7061,882.657,23.9355
0.07745850999999998,0.03988734100000002,0.004663610830999976,0.7631686508999997,true,7.80776,83.8185,8.77056
0.07745850999999998,0.03988734100000002,0.051541489999999995,0.8487577553909997,true,26.7534,737.114,16.4043
0.07745850999999998,0.03988734100000002,0.051541489999999995,0.6775795464089996,false,90.0163,2681.07,61.1783
0.1196486012521,0.03988734100000002,0.051541489999999995,0.7631686508999997,true,21.1847,461.445,12.9482
0.035268418747899946,0.03988734100000002,0.051541489999999995,0.7631686508999997,true,28.9194,746.071,25.3959
0.07745850999999998,0.08207743225210004,0.051541489999999995,0.7631686508999997,true,56.7356,1750.32,39.7008
0.07745850999999998,-0.0023027502521,0.051541489999999995,0.7631686508999997,true,56.5639,1752.99,97.694
0.07745850999999998,0.03988734100000002,0.09373158125210002,0.7631686508999997,true,33.4721,882.204,23.051
0.07745850999999998,0.03988734100000002,0.009351398747899975,0.7631686508999997,true,9.24646,113.768,12.1008
0.07745850999999998,0.03988734100000002,0.051541489999999995,0.8401988449418998,true,53.148,1759.13,40.284
0.07745850999999998,0.03988734100000002,0.051541489999999995,0.6861384568580997,false,90.0301,2713.08,61.2849
0.11542959212689,0.03988734100000002,0.051541489999999995,0.7631686508999997,true,23.2752,514.947,18.3262
0.03948742787310995,0.03988734100000002,0.051541489999999995,0.7631686508999997,true,28.9404,747.978,25.0484
0.07745850999999998,0.07785842312689004,0.051541489999999995,0.7631686508999997,true,56.6984,1750.02,41.1695
0.07745850999999998,0.001916258873109991,0.051541489999999995,0.7631686508999997,false,90.0284,2966.92,70.8152
0.07745850999999998,0.039887341000000014,0.08951257212689001,0.7631686508999997,true,33.4598,883.508,24.1566
0.07745850999999998,0.039887341000000014,0.013570407873109966,0.7631686508999997,true,9.37269,116.196,10.8505
0.07745850999999998,0.039887341000000014,0.05154148999999999,0.8324958255377097,true,56.8758,1890.35,44.4418
0.07745850999999998,0.039887341000000014,0.05154148999999999,0.6938414762622896,false,90.0271,2744.92,62.8784
0.111632483914201,0.039887341000000014,0.05154148999999999,0.7631686508999997,true,23.1841,534.667,15.0076
0.04328453608579895,0.039887341000000014,0.05154148999999999,0.7631686508999997,true,28.8587,745.151,22.5032
0.07745850999999998,0.07406131491420104,0.05154148999999999,0.7631686508999997,true,56.7867,1750.97,40.5676
0.07745850999999998,0.00571336708579899,0.05154148999999999,0.7631686508999997,false,90.0188,2969.88,67.9657
0.07745850999999998,0.039887341000000014,0.08571546391420101,0.7631686508999997,true,33.4955,882.888,23.6604
0.07745850999999998,0.039887341000000014,0.017367516085798965,0.7631686508999997,true,10.6209,146.885,12.5099
0.07745850999999998,0.039887341000000014,0.05154148999999999,0.8255631080739387,true,27.3236,737.034,16.9968
0.07745850999999998,0.039887341000000014,0.05154148999999999,0.7007741937260606,false,90.0213,2767.41,62.2904
0.1082150865227809,0.039887341000000014,0.05154148999999999,0.7631686508999996,true,26.6267,642.325,21.5842
0.04670193347721906,0.039887341000000014,0.05154148999999999,0.7631686508999996,true,57.527,1799.57,53.0275
0.07745850999999998,0.07064391752278093,0.05154148999999999,0.7631686508999996,true,56.8301,1749.69,42.0282
0.07745850999999998,0.009130764477219083,0.05154148999999999,0.7631686508999996,true,28.8417,740.007,16.2363
0.07745850999999998,0.03988734100000001,0.0822980665227809,0.7631686508999996,true,33.6536,896.129,24.9058
0.07745850999999998,0.03988734100000001,0.020784913477219058,0.7631686508999996,true,11.9257,180.998,14.0934
0.07745850999999998,0.03988734100000001,0.05154148999999998,0.8193236623565447,true,27.4104,738.27,17.3033
0.07745850999999998,0.03988734100000001,0.05154148999999998,0.7070136394434545,false,90.0045,2792.29,62.6657
0.10513942887050282,0.03988734100000001,0.05154148999999998,0.7631686508999996,true,30.3396,759.629,27.8599
0.04977759112949715,0.03988734100000001,0.05154148999999998,0.7631686508999996,false,90.009,2995.59,87.475
0.04977759112949715,0.06756825987050284,0.05154148999999998,0.7631686508999996,false,90.0047,2983.34,86.2058
0.04977759112949715,0.012206422129497178,0.05154148999999998,0.7631686508999996,true,29.0043,745.782,20.5897
0.04977759112949715,0.03988734100000001,0.07922240887050282,0.7631686508999996,true,33.1139,883.172,29.8081
0.04977759112949715,0.03988734100000001,0.023860571129497153,0.7631686508999996,true,23.8639,560.433,36.2951
0.04977759112949715,0.03988734100000001,0.05154148999999998,0.8137081612108903,true,27.509,740.621,21.211
0.04977759112949715,0.03988734100000001,0.05154148999999998,0.7126291405891091,false,90.0029,2823.51,81.6539
0.08022660188705028,0.03988734100000001,0.05154148999999998,0.7631686508999997,false,90.0295,2965.12,70.2069
0.019328580371944043,0.03988734100000001,0.05154148999999998,0.7631686508999997,true,25.5125,624.773,25.708
0.04977759112949716,0.06480016798345256,0.05154148999999998,0.7631686508999997,false,90.0252,2990.52,84.6617
0.04977759112949716,0.014974514016547466,0.05154148999999998,0.7631686508999997,true,28.9435,745.125,21.1984
0.04977759112949716,0.039887341000000014,0.07645431698345254,0.7631686508999997,true,29.399,756.086,21.751
0.04977759112949716,0.039887341000000014,0.02662866301654744,0.7631686508999997,true,24.9628,609.692,21.585
0.04977759112949716,0.039887341000000014,0.05154148999999999,0.8086542101798013,true,27.72,745.76,21.4372
0.04977759112949716,0.039887341000000014,0.05154148999999999,0.7176830916201982,false,90.0046,2846.19,80.2312
0.07718170081129497,0.039887341000000014,0.05154148999999999,0.7631686508999997,true,60.1565,1883.27,43.924
0.022373481447699357,0.039887341000000014,0.05154148999999999,0.7631686508999997,true,25.3688,623.732,22.731
0.04977759112949716,0.06230888528510731,0.05154148999999999,0.7631686508999997,false,90.019,2995.95,83.6967
0.04977759112949716,0.06230888528510731,0.07396303428510728,0.7631686508999997,true,65.6202,2048.83,70.9663
0.04977759112949716,0.06230888528510731,0.029119945714892695,0.7631686508999997,true,25.1503,609.671,37.8506
0.04977759112949716,0.06230888528510731,0.05154148999999999,0.8041056542518211,true,57.8106,1894.52,53.4926
0.04977759112949716,0.06230888528510731,0.05154148999999999,0.7222316475481783,false,90.0203,2849.8,77.6397
0.07444128984311518,0.06230888528510731,0.05154148999999999,0.7631686508999996,true,60.2937,1884.12,47.3122
0.025113892415879135,0.06230888528510731,0.05154148999999999,0.7631686508999996,true,26.9912,675.087,28.9779
0.04977759112949716,0.08697258399872533,0.05154148999999999,0.7631686508999996,false,90.013,2944.4,78.7985
0.04977759112949716,0.037645186571489284,0.05154148999999999,0.7631686508999996,true,60.1066,1891.14,55.4498
0.04977759112949716,0.06230888528510731,0.07172087985659656,0.7631686508999996,true,57.2545,1753.69,49.7642
0.04977759112949716,0.06230888528510731,0.03136210014340343,0.7631686508999996,true,30.0086,783.351,41.1449
0.04977759112949716,0.06230888528510731,0.051541489999999995,0.8000119539166389,true,86.021,2957.5,84.6705
0.04977759112949716,0.06230888528510731,0.051541489999999995,0.7263253478833605,false,90.0126,2867.05,77.7838
0.07197491997175338,0.06230888528510731,0.051541489999999995,0.7631686508999997,true,56.5598,1751.78,39.5561
0.02758026228724094,0.06230888528510731,0.051541489999999995,0.7631686508999997,true,31.2092,824.791,39.1145
0.04977759112949716,0.08450621412736353,0.051541489999999995,0.7631686508999997,false,90.0251,2978.17,80.1773
0.04977759112949716,0.04011155644285109,0.051541489999999995,0.7631686508999997,true,60.3573,1897.15,56.8312
0.04977759112949716,0.06230888528510731,0.0697029408709369,0.7631686508999997,false,90.0206,2945.12,87.8051
0.04977759112949716,0.06230888528510731,0.03338003912906308,0.7631686508999997,true,26.1954,647.971,28.6988
0.04977759112949716,0.06230888528510731,0.05154148999999999,0.7963276236149751,true,55.12,1771.58,47.9157
0.04977759112949716,0.06230888528510731,0.05154148999999999,0.7300096781850244,false,90.0147,2877.58,76.3254
0.06975518708752776,0.06230888528510731,0.05154148999999999,0.7631686508999997,true,56.6987,1752.87,41.1754
0.02979999517146656,0.06230888528510731,0.05154148999999999,0.7631686508999997,true,31.4451,828.936,39.1128
0.04977759112949716,0.08228648124313791,0.05154148999999999,0.7631686508999997,false,90.0211,2982.2,79.8582
0.04977759112949716,0.04233128932707671,0.05154148999999999,0.7631686508999997,true,60.3388,1897.84,56.6591
0.04977759112949716,0.06230888528510731,0.06788679578384321,0.7631686508999997,false,90.0155,2938.49,89.9086
0.04977759112949716,0.06230888528510731,0.03519618421615678,0.7631686508999997,true,26.1502,647.494,27.323
0.04977759112949716,0.06230888528510731,0.051541489999999995,0.7930117263434776,true,58.2465,1889.1,54.4639
0.04977759112949716,0.06230888528510731,0.051541489999999995,0.733325575456522,false,90.0342,2894.06,77.6005
0.0677574274917247,0.06230888528510731,0.051541489999999995,0.7631686508999999,true,60.2465,1884.57,47.984
0.03179775476726961,0.06230888528510731,0.051541489999999995,0.7631686508999999,true,56.7271,1768.59,60.9797
0.04977759112949716,0.08028872164733485,0.051541489999999995,0.7631686508999999,false,90.0117,2982.71,80.8291
0.04977759112949716,0.04432904892287976,0.051541489999999995,0.7631686508999999,true,60.2402,1890.61,56.3265
0.04977759112949716,0.06230888528510731,0.06625226520545889,0.7631686508999999,false,90.0245,2952.55,86.6487
0.04977759112949716,0.06230888528510731,0.0368307147945411,0.7631686508999999,true,25.3966,623.252,23.1835
0.04977759112949716,0.06230888528510731,0.051541489999999995,0.7900274187991299,true,59.5599,1925.81,57.1266
0.04977759112949716,0.06230888528510731,0.051541489999999995,0.7363098830008697,false,90.0241,2904.7,78.5304
0.06595944385550195,0.06230888528510731,0.051541489999999995,0.7631686508999997,false,90.0199,2973,74.21
0.03359573840349238,0.06230888528510731,0.051541489999999995,0.7631686508999997,true,56.2452,1752.89,57.8007
0.049777591129497166,0.07849073801111209,0.051541489999999995,0.7631686508999997,false,90.0131,2981.8,81.0966
0.049777591129497166,0.04612703255910251,0.051541489999999995,0.7631686508999997,false,90.0191,2985.12,90.139
0.049777591129497166,0.0623088852851073,0.064781187684913,0.7631686508999997,false,90.0079,2960.22,85.7068
0.049777591129497166,0.0623088852851073,0.03830179231508699,0.7631686508999997,true,25.0696,612.956,20.6548
0.049777591129497166,0.0623088852851073,0.051541489999999995,0.7873415420092168,true,55.5317,1772.43,48.4192
0.049777591129497166,0.0623088852851073,0.051541489999999995,0.7389957597907828,false,90.0151,2912.48,78.1617
0.06434125858290148,0.0623088852851073,0.051541489999999995,0.7631686508999999,false,90.0058,2981.36,74.8879
0.035213923676092856,0.0623088852851073,0.051541489999999995,0.7631686508999999,true,57.4282,1791.81,58.4501
0.049777591129497166,0.07687255273851161,0.051541489999999995,0.7631686508999999,false,90.0131,2975.13,80.3651
0.049777591129497166,0.04774521783170299,0.051541489999999995,0.7631686508999999,false,90.0111,3002.79,87.7007
0.049777591129497166,0.04774521783170299,0.0634572179164217,0.7631686508999999,false,90.0042,2959.93,91.5534
0.049777591129497166,0.04774521783170299,0.039625762083578285,0.7631686508999999,true,25.0276,608.448,16.2113
0.049777591129497166,0.04774521783170299,0.051541489999999995,0.7849242528982951,true,58.7917,1895.32,55.8771
0.049777591129497166,0.04774521783170299,0.051541489999999995,0.7414130489017045,false,90.0115,2928.89,85.2666
0.06288489183756105,0.04774521783170299,0.051541489999999995,0.7631686508999997,true,60.0536,1887.96,48.5959
0.036670290421433285,0.04774521783170299,0.051541489999999995,0.7631686508999997,true,87.2363,2908.57,100.107
0.049777591129497166,0.06376525203044774,0.051541489999999995,0.7631686508999997,false,90.0188,2994.57,85.5133
0.049777591129497166,0.03172518363295825,0.051541489999999995,0.7631686508999997,true,28.9316,746.066,20.6883
0.049777591129497166,0.04774521783170299,0.06226564512477953,0.7631686508999997,false,90.0064,2968.59,90.0573
0.049777591129497166,0.04774521783170299,0.040817334875220455,0.7631686508999997,true,56.4986,1758.55,55.3811
0.049777591129497166,0.04774521783170299,0.051541489999999995,0.7827486926984656,true,59.0791,1896.8,56.9297
0.049777591129497166,0.04774521783170299,0.051541489999999995,0.743588609101534,false,90.0188,2937.64,83.7417
0.061574161766754655,0.04774521783170299,0.051541489999999995,0.7631686508999999,true,60.1134,1886.95,49.9119
0.03798102049223967,0.04774521783170299,0.051541489999999995,0.7631686508999999,true,60.3828,1895.5,66.5433
0.04977759112949716,0.06216324861057326,0.051541489999999995,0.7631686508999999,false,90.0159,2989.43,85.7781
0.04977759112949716,0.033327187052832725,0.051541489999999995,0.7631686508999999,true,28.8545,743.966,20.5638
0.04977759112949716,0.04774521783170299,0.06119322961230158,0.7631686508999999,false,90.0024,2972.61,88.8864
0.04977759112949716,0.04774521783170299,0.04188975038769841,0.7631686508999999,true,29.3435,755.385,25.8689
0.04977759112949716,0.04774521783170299,0.051541489999999995,0.7807906885186191,true,59.0564,1897.31,55.7018
0.04977759112949716,0.04774521783170299,0.051541489999999995,0.7455466132813807,false,90.0212,2938.67,84.55
0.0603945047030289,0.04774521783170299,0.051541489999999995,0.7631686509,false,90.0084,2997.58,77.12
0.03916067755596542,0.04774521783170299,0.051541489999999995,0.7631686509,true,57.6069,1799.96,57.356
0.04977759112949716,0.060721445532686234,0.051541489999999995,0.7631686509,false,90.001,2995.53,85.6682
0.04977759112949716,0.034768990130719754,0.051541489999999995,0.7631686509,true,28.8826,745.561,21.5756
0.04977759112949716,0.047745217831703,0.06022805565107142,0.7631686509,false,90.0092,2977.57,88.8122
0.04977759112949716,0.047745217831703,0.04285492434892857,0.7631686509,true,56.4937,1756.53,53.2751
0.04977759112949716,0.047745217831703,0.051541489999999995,0.7790284847567572,true,59.2383,1897.73,57.1128
0.04977759112949716,0.047745217831703,0.051541489999999995,0.7473088170432427,false,90.0304,2950.51,85.7853
0.05933281334567573,0.047745217831703,0.051541489999999995,0.7631686509,false,90.0051,2992.06,79.5884
0.040222368913318596,0.047745217831703,0.051541489999999995,0.7631686509,true,60.1459,1896.63,64.9148
0.049777591129497166,0.05942382276258792,0.051541489999999995,0.7631686509,false,90.0087,2995.98,84.3303
0.049777591129497166,0.036066612900818085,0.051541489999999995,0.7631686509,true,60.417,1899.01,56.3418
0.049777591129497166,0.047745217831703005,0.05935939908596428,0.7631686509,false,90.0006,2962.89,93.1522
0.049777591129497166,0.047745217831703005,0.043723580914035706,0.7631686509,true,28.9505,745.325,23.8458
0.049777591129497166,0.047745217831703005,0.05154148999999999,0.7774425013710815,true,28.4891,745.487,22.6305
0.049777591129497166,0.047745217831703005,0.05154148999999999,0.7488948004289184,false,90.0272,2953.03,84.4759
0.05837729112405788,0.047745217831703005,0.05154148999999999,0.7631686509,false,90.0144,2993.82,79.6111
0.04117789113493646,0.047745217831703005,0.05154148999999999,0.7631686509,true,60.0976,1897.82,63.2993
0.04977759112949717,0.05825596226949943,0.05154148999999999,0.7631686509,true,57.5096,1793.65,50.2445
0.04977759112949717,0.03723447339390658,0.05154148999999999,0.7631686509,true,59.9234,1890.42,54.4418
0.04977759112949717,0.047745217831703005,0.058577608177367846,0.7631686509,false,90.0102,2980.12,88.2958
0.04977759112949717,0.047745217831703005,0.04450537182263213,0.7631686509,true,26.3495,652.8,19.2252
0.04977759112949717,0.047745217831703005,0.05154148999999999,0.7760151163239734,true,59.3112,1890.36,56.3165
0.04977759112949717,0.047745217831703005,0.05154148999999999,0.7503221854760266,false,90.006,2960.77,84.7643
0.05751732112460181,0.047745217831703005,0.05154148999999999,0.7631686509,true,60.1484,1890.39,52.4477
0.04203786113439253,0.047745217831703005,0.05154148999999999,0.7631686509,true,60.0993,1894.63,62.1042
0.049777591129497166,0.05720488782571979,0.05154148999999999,0.7631686509,false,90.0053,2991.63,86.6731
0.049777591129497166,0.038285547837686215,0.05154148999999999,0.7631686509,true,28.9713,747.84,22.1737
0.049777591129497166,0.047745217831703,0.05787399635963106,0.7631686509,false,90.0059,2979.33,87.7933
0.049777591129497166,0.047745217831703,0.04520898364036892,0.7631686509,true,28.8262,744.282,22.7666
0.049777591129497166,0.047745217831703,0.05154148999999999,0.774730469781576,true,59.337,1891.38,56.1859
0.049777591129497166,0.047745217831703,0.05154148999999999,0.7516068320184238,false,90.0145,2963.66,84.0987
0.05674334812509134,0.047745217831703,0.05154148999999999,0.7631686508999999,false,90.0283,2992.95,79.7765
0.042811834133902986,0.047745217831703,0.05154148999999999,0.7631686508999999,false,90.0276,3006.26,94.0915
0.042811834133902986,0.0562589208263181,0.05154148999999999,0.7631686508999999,false,90.0185,3003.2,93.2282
0.042811834133902986,0.039231514837087894,0.05154148999999999,0.7631686508999999,true,60.0507,1891.94,59.3306
0.042811834133902986,0.047745217831703,0.057240745723667955,0.7631686508999999,false,90.0063,2976.27,100.194
0.042811834133902986,0.047745217831703,0.04584223427633203,0.7631686508999999,true,28.9454,746.822,25.3617
0.042811834133902986,0.047745217831703,0.051541489999999995,0.7735742878934183,true,59.3136,1890.19,59.8029
0.042811834133902986,0.047745217831703,0.051541489999999995,0.7527630139065814,false,90.0206,2962.81,91.8842
0.05047416682905658,0.047745217831703,0.051541489999999995,0.7631686508999999,true,60.2231,1895.75,56.5494
0.03514950143874939,0.047745217831703,0.051541489999999995,0.7631686508999999,true,60.2749,1901.65,73.6796
0.042811834133902986,0.05540755052685659,0.051541489999999995,0.7631686508999999,true,56.963,1774.82,55.2597
0.042811834133902986,0.0400828851365494,0.051541489999999995,0.7631686508999999,true,60.2009,1891.66,60.5597
0.042811834133902986,0.047745217831703,0.05667082015130116,0.7631686508999999,true,60.3264,1898.41,63.2534
0.042811834133902986,0.047745217831703,0.04641215984869883,0.7631686508999999,true,30.1842,788.284,29.0691
0.042811834133902986,0.047745217831703,0.051541489999999995,0.7725337241940765,true,59.6316,1897.06,62.5406
0.042811834133902986,0.047745217831703,0.051541489999999995,0.7538035776059233,true,60.776,1896.81,62.2419
0.04970793355954122,0.047745217831703,0.051541489999999995,0.7631686509,true,60.2022,1895.37,56.2583
0.03591573470826475,0.047745217831703,0.051541489999999995,0.7631686509,true,56.355,1758.45,57.9481
0.042811834133902986,0.05464131725734123,0.051541489999999995,0.7631686509,true,60.2001,1896.29,61.01
0.042811834133902986,0.04084911840606476,0.051541489999999995,0.7631686509,true,28.8681,745.599,23.5483
0.042811834133902986,0.047745217831703,0.05615788713617104,0.7631686509,true,60.1637,1891.33,60.597
0.042811834133902986,0.047745217831703,0.04692509286382894,0.7631686509,true,28.941,746.494,25.2438
0.042811834133902986,0.047745217831703,0.05154148999999999,0.771597216864669,false,90.0319,3029.03,100.014
0.049018323616977395,0.047745217831703,0.05154148999999999,0.771597216864669,true,59.4573,1887.07,54.7845
0.03660534465082857,0.047745217831703,0.05154148999999999,0.771597216864669,true,55.7231,1756.16,56.1648
0.04281183413390298,0.05395170731477741,0.05154148999999999,0.771597216864669,true,59.5877,1895.73,60.9129
0.04281183413390298,0.04153872834862858,0.05154148999999999,0.771597216864669,true,28.6226,745.954,23.4094
0.04281183413390298,0.04774521783170299,0.055696247422553934,0.771597216864669,true,59.5596,1889.98,61.2282
0.04281183413390298,0.04774521783170299,0.04738673257744604,0.771597216864669,true,25.835,645.968,18.2249
0.04281183413390298,0.04774521783170299,0.05154148999999999,0.7808686394258049,true,56.0198,1765.79,53.6321
0.04281183413390298,0.04774521783170299,0.05154148999999999,0.7623257943035332,true,57.7326,1803.13,55.7243
0.04839767466866995,0.04774521783170299,0.05154148999999999,0.7715972168646691,true,57.3949,1809.31,51.1795
0.037225993599136004,0.04774521783170299,0.05154148999999999,0.7715972168646691,true,59.5098,1890,64.4047
0.04281183413390297,0.05333105836646996,0.05154148999999999,0.7715972168646691,true,59.4911,1894.39,59.5549
0.04281183413390297,0.042159377296936015,0.05154148999999999,0.7715972168646691,true,28.5814,742.024,23.6463
0.04281183413390297,0.047745217831702984,0.05528077168029854,0.7715972168646691,true,59.531,1880.85,60.9529
0.04281183413390297,0.047745217831702984,0.04780220831970144,0.7715972168646691,true,55.6875,1750.15,53.2782
0.04281183413390297,0.047745217831702984,0.05154148999999999,0.7799414971696914,true,55.4445,1753.7,51.0696
0.04281183413390297,0.047745217831702984,0.05154148999999999,0.7632529365596469,true,28.7606,741.3,24.3262
0.047839090615193244,0.047745217831702984,0.05154148999999999,0.7715972168646692,true,28.5512,740.494,23.0577
0.0377845776526127,0.047745217831702984,0.05154148999999999,0.7715972168646692,true,60.36,1894.47,73.4258
0.04281183413390297,0.052772474312993256,0.05154148999999999,0.7715972168646692,true,28.7045,745.195,24.7571
0.04281183413390297,0.04271796135041271,0.05154148999999999,0.7715972168646692,true,28.7505,746.457,23.5922
0.04281183413390297,0.047745217831702984,0.05490684351226868,0.7715972168646692,true,56.1291,1754.57,50.7347
0.04281183413390297,0.047745217831702984,0.048176136487731294,0.7715972168646692,true,24.7559,602.481,17.6194
0.04281183413390297,0.047745217831702984,0.05154148999999999,0.7791070691391893,true,28.5143,745.585,24.5385
0.04281183413390297,0.047745217831702984,0.05154148999999999,0.7640873645901491,true,59.8029,1887.77,59.3955
0.04733636496706422,0.047745217831702984,0.05154148999999999,0.7715972168646692,true,28.6527,745.439,22.9062
0.038287303300741725,0.047745217831702984,0.05154148999999999,0.7715972168646692,true,28.3631,735.823,23.5784
0.04281183413390297,0.05226974866486423,0.05154148999999999,0.7715972168646692,false,90.0285,3020.2,97.06
0.04281183413390297,0.04322068699854174,0.05154148999999999,0.7715972168646692,true,59.3665,1889.25,59.992
0.04281183413390297,0.047745217831702984,0.05457030816104182,0.7715972168646692,false,90.0268,3032.25,97.1346
0.04281183413390297,0.047745217831702984,0.05457030816104182,0.7783560839117373,true,59.0867,1889.09,59.7705
0.04281183413390297,0.047745217831702984,0.05457030816104182,0.7648383498176012,false,90.0224,3004.51,96.2091
0.046883911883748096,0.047745217831702984,0.05457030816104182,0.7715972168646693,true,28.744,746.459,22.5334
0.03873975638405785,0.047745217831702984,0.05457030816104182,0.7715972168646693,true,59.5822,1890.67,64.1637
0.04281183413390297,0.05181729558154811,0.05457030816104182,0.7715972168646693,true,59.4782,1888.82,60.8337
0.04281183413390297,0.04367314008185786,0.05457030816104182,0.7715972168646693,true,59.7827,1898.38,62.8111
0.04281183413390297,0.047745217831702984,0.05790200813818783,0.7715972168646693,false,90.0031,3020.07,96.923
0.04281183413390297,0.047745217831702984,0.051238608183895806,0.7715972168646693,false,90.0213,3035.61,96.334
0.04281183413390297,0.047745217831702984,0.051238608183895806,0.7776801972070305,true,28.502,745.568,23.8817
0.04281183413390297,0.047745217831702984,0.051238608183895806,0.7655142365223081,true,28.7607,745.533,24.4535
0.04647670410876358,0.047745217831702984,0.051238608183895806,0.7715972168646693,true,59.6219,1894.66,57.8182
0.03914696415904236,0.047745217831702984,0.051238608183895806,0.7715972168646693,true,28.5913,744.021,24.9329
0.04281183413390297,0.051410087806563594,0.051238608183895806,0.7715972168646693,true,59.6549,1895.82,61.7181
0.04281183413390297,0.044080347856842374,0.051238608183895806,0.7715972168646693,true,28.7052,746.347,24.3622
0.04281183413390297,0.047745217831702984,0.054903478158756416,0.7715972168646693,true,59.7823,1898.51,62.2741
0.04281183413390297,0.047745217831702984,0.047573738209035196,0.7715972168646693,true,28.709,746.287,25.5221
0.04281183413390297,0.047745217831702984,0.051238608183895806,0.7770718991727944,true,28.5187,746.093,23.7065
0.04281183413390297,0.047745217831702984,0.051238608183895806,0.7661225345565442,true,59.9688,1895.4,60.5019
0.046110217111277524,0.047745217831702984,0.051238608183895806,0.7715972168646693,true,59.4892,1890.23,56.2359
0.03951345115652842,0.047745217831702984,0.051238608183895806,0.7715972168646693,false,90.0305,3025.04,103.344
0.04281183413390297,0.051043600809077536,0.051238608183895806,0.7715972168646693,true,55.7416,1754.18,52.1936
0.04281183413390297,0.04444683485432843,0.051238608183895806,0.7715972168646693,true,29.8853,785.158,31.8134
0.04281183413390297,0.047745217831702984,0.05453699116127036,0.7715972168646693,false,90.0028,3029.65,96.3536
0.04281183413390297,0.047745217831702984,0.04794022520652126,0.7715972168646693,true,25.8179,644.976,18.1891
0.04281183413390297,0.047745217831702984,0.05123860818389581,0.7765244309419819,true,28.5651,745.494,23.8674
0.04281183413390297,0.047745217831702984,0.05123860818389581,0.7666700027873566,true,28.7063,744.648,24.3081
0.045780378813540065,0.047745217831702984,0.05123860818389581,0.7715972168646692,true,28.5239,739.925,22.4336
0.03984328945426587,0.047745217831702984,0.05123860818389581,0.7715972168646692,true,28.6823,744.518,24.3371
0.042811834133902965,0.05071376251134008,0.05123860818389581,0.7715972168646692,true,28.772,745.453,25.0147
0.042811834133902965,0.044776673152065884,0.05123860818389581,0.7715972168646692,true,55.7731,1755.19,52.5279
0.042811834133902965,0.04774521783170298,0.054207152863532906,0.7715972168646692,true,55.9695,1754.09,54.4707
0.042811834133902965,0.04774521783170298,0.04827006350425872,0.7715972168646692,true,28.6512,746.593,23.8616
0.042811834133902965,0.04774521783170298,0.05123860818389581,0.7760317095342505,true,55.8692,1756.47,52.3428
0.042811834133902965,0.04774521783170298,0.05123860818389581,0.7671627241950878,true,59.7709,1889.96,62.0492
0.04548352434557635,0.04774521783170298,0.05123860818389581,0.7715972168646691,true,28.6184,744.342,23.627
0.04014014392222958,0.04774521783170298,0.05123860818389581,0.7715972168646691,true,59.5961,1895.96,63.7836
0.042811834133902965,0.05041690804337636,0.05123860818389581,0.7715972168646691,true,55.8082,1754.47,51.4627
0.042811834133902965,0.04507352762002959,0.05123860818389581,0.7715972168646691,true,28.6555,745.957,24.1203
0.042811834133902965,0.04774521783170298,0.0539102983955692,0.7715972168646691,true,28.5087,738.956,22.7122
0.042811834133902965,0.04774521783170298,0.04856691797222243,0.7715972168646691,true,28.557,739.656,23.6727
0.042811834133902965,0.04774521783170298,0.05123860818389581,0.7755882602672923,true,28.6319,745.309,24.5469
0.042811834133902965,0.04774521783170298,0.05123860818389581,0.767606173462046,true,87.1422,2908.29,88.611
0.04521635532440901,0.04774521783170298,0.05123860818389581,0.7715972168646692,true,28.7467,745.119,24.9752
0.04040731294339692,0.04774521783170298,0.05123860818389581,0.7715972168646692,true,24.7487,608.118,16.4852
0.042811834133902965,0.050149739022209025,0.05123860818389581,0.7715972168646692,true,59.4719,1888.17,61.436
0.042811834133902965,0.04534069664119693,0.05123860818389581,0.7715972168646692,true,28.6955,745.57,23.8049
0.042811834133902965,0.04774521783170298,0.05364312937440186,0.7715972168646692,true,87.2246,2908.74,96.8956
0.042811834133902965,0.04774521783170298,0.048834086993389765,0.7715972168646692,true,56.7305,1786.52,54.4541
0.042811834133902965,0.04774521783170298,0.05123860818389581,0.7751891559270301,true,55.7283,1754.2,53.6439
0.042811834133902965,0.04774521783170298,0.05123860818389581,0.7680052778023083,true,56.8994,1785.55,55.3659
