kp,ki,kd,min_throttle,max_throttle,throttle_angle_threshold,crashed,runtime,distance,total_absolute_cte
0.08338544377408517,0.0010549693007181583,0.03934211484564608,-0.45,0.45,0.3252282040415634,true,36.3134,604.932,25.6387
0.0719987985373057,0.0009149781682123359,0.044965644166845384,-0.45,0.45,0.16402288256320505,true,37.1717,605.971,25.8569
0.06248546315550076,0.0007887566399528544,0.04108222090751574,-0.45,0.45,0.16214636640295232,true,36.2566,604.796,27.6015
0.0631845186966144,0.0011066187462776748,0.04088262574215613,-0.45,0.45,0.27501615822176134,true,35.8862,604.816,26.4956
0.06498857713191743,0.0010368059150198347,0.04034610133840199,-0.45,0.45,0.3001247043723947,true,35.8838,605.181,25.9965
0.06801315666283414,0.0009420763044032992,0.03888996600355758,-0.45,0.45,0.37177145812621093,true,35.846,604.685,25.8444
0.06925283127156921,0.0009508476786069209,0.0363091036192424,-0.45,0.45,0.345007370048656,true,35.9007,605.532,25.2945
0.061626725241775766,0.0009440651341394734,0.0375083079742757,-0.45,0.45,0.19004847932165983,true,35.716,603.25,26.5026
0.06209468625232995,0.0011359548820658815,0.04177528394979233,-0.45,0.45,0.14198300651082335,true,37.9633,605.142,28.2932
0.06409037177353705,0.0009760904509187495,0.03930110824750157,-0.45,0.45,0.5748063503881362,true,35.9054,604.383,26.4512
0.07693580531700733,0.0009109314191148973,0.03889097188114054,-0.45,0.45,0.3034987696272384,true,42.2129,748.258,33.4676
0.0696997450768009,0.0009504261153125001,0.039394792742342075,-0.45,0.45,0.23885528715957363,true,35.8972,604.619,25.6005
0.08168118979949306,0.0009468103529296806,0.03335663749365682,-0.45,0.45,0.2278114717070208,true,36.0524,605.674,23.44
0.06344969868577986,0.0009470289982789148,0.036841679551490536,-0.45,0.45,0.18347487458916942,true,35.7901,603.78,26.7685
0.06182509030820112,0.0012168257866370625,0.036101794079276925,-0.45,0.45,0.2341139305698179,true,35.8092,603.472,25.7465
0.06684299214052873,0.0010694082662766858,0.045395585959889274,-0.45,0.45,0.2398643692536546,true,35.9957,607.524,25.9699
0.06981926048655944,0.0009513749683353914,0.03558081627211635,-0.45,0.45,0.28183955232093566,true,42.257,747.927,34.2108
0.0779176590007803,0.000979425876489979,0.03908184893139409,-0.45,0.45,0.1656791181056513,false,60.0244,1065.74,51.8817
0.07891925178843642,0.0009911755759260115,0.03494797144897268,-0.45,0.45,0.30432828586235955,false,60.0086,1151.49,51.8228
0.06780028592615515,0.0011055667693191053,0.03956829435094703,-0.45,0.45,0.2742610139456913,true,42.3576,750.001,35.0844
0.06720670692935757,0.0009618801677322164,0.04776307246314299,-0.45,0.45,0.23377093717746397,true,48.9977,901.208,46.601
0.07751869982049071,0.0009740424092469547,0.04863150436256695,-0.45,0.45,0.34769285049298826,false,60.005,1152.04,51.7379
0.058728985040575325,0.0010161884975831163,0.03874407038839752,-0.45,0.45,0.26829984219668285,true,35.9692,605.668,27.7394
0.07266365201905646,0.001033048474351405,0.03842359723197731,-0.45,0.45,0.4139649423585221,true,42.2154,748.507,33.5132
0.07001479361600003,0.0010003754810160481,0.039280146244829256,-0.45,0.45,0.42406314644548826,true,36.0002,606.196,26.1688
0.06871912124410164,0.0009517742139438819,0.04035613937642292,-0.45,0.45,0.2273463250660498,true,36.0715,609.161,26.6139
0.07073622108286684,0.0010596345417261718,0.03765126675425038,-0.45,0.45,0.2615207991432374,true,35.8376,604.772,25.5558
0.06015408380526503,0.0010081517302397505,0.031003622240568178,-0.45,0.45,0.41277194435686554,true,35.8377,604.779,26.9946
0.07282032411329448,0.0011643312775537762,0.04500532675072185,-0.45,0.45,0.31430582708745286,false,60.0153,1153.02,50.4596
0.06930500062567573,0.0009334004564268206,0.043090276006781135,-0.45,0.45,0.325247307529559,false,60.019,1154.75,53.7723
0.06795541428165344,0.001043239344964376,0.04241186824442027,-0.45,0.45,0.18219260056528752,false,60.025,1119.95,54.0656
0.07554895192253308,0.0008551769857863998,0.04392417511322897,-0.45,0.45,0.26695730722797667,false,60.0036,1154.26,51.9293
0.07699795209039569,0.0010743887496423767,0.044521538848459094,-0.45,0.45,0.18867649129311412,false,60.0176,1078.01,52.0916
0.08058609789609872,0.001086790769070347,0.04492980575756742,-0.45,0.45,0.4401700613242329,false,60.0045,1150.24,50.8154
0.07300084065025234,0.000961794278267274,0.04327596626284555,-0.45,0.45,0.2639719754666603,false,60.0041,1153.53,52.0302
0.07393846370687364,0.0010209048342784154,0.03554247727510994,-0.45,0.45,0.209618500237307,false,60.005,1129.34,50.9903
0.06410145333186536,0.0008902651275029159,0.03874446854003798,-0.45,0.45,0.28545767877311445,true,35.9222,606.852,26.8859
0.0681958076860403,0.0010597162129328274,0.040225100398051994,-0.45,0.45,0.43266186386987154,true,35.9758,607.446,26.4303
0.062230422166148644,0.0008804392243561999,0.036376165883675766,-0.45,0.45,0.29923361432295464,true,35.8947,604.726,27.7423
0.07475067015701528,0.0009579584015212948,0.035971237627363706,-0.45,0.45,0.28757142472507086,false,60.0127,1153.75,49.4922
0.06106952928465779,0.0010389356959095448,0.04140506734295873,-0.45,0.45,0.2589870066049944,true,35.9613,606.839,27.479
0.0688515228516706,0.0009844140337057553,0.045254664941690406,-0.45,0.45,0.324124044464289,true,48.9612,901.098,45.018
0.07338092354149071,0.0008411222966048285,0.03992279343482526,-0.45,0.45,0.34847114770654697,false,60.007,1152.75,52.8229
0.06771637484189041,0.0009888716494795623,0.03615459338769061,-0.45,0.45,0.2777462137090598,true,35.9607,606.092,25.7224
0.05998148523460164,0.0010450540358002394,0.042256203814751224,-0.45,0.45,0.33398986086814386,true,36.0171,608.989,28.0339
0.06666352901536131,0.0009541291216607717,0.03270674672846701,-0.45,0.45,0.15623531693327525,true,35.8775,604.88,26.172
0.0639942196365618,0.0009457463818379681,0.033556848946803226,-0.45,0.45,0.13064280036084658,true,37.1745,605.446,27.6637
0.06631708535246436,0.001153539545433638,0.034770083632620394,-0.45,0.45,0.14973274686812907,true,36.1816,604.992,25.9074
0.06871584125433443,0.0009999943123171087,0.0396861443903613,-0.45,0.45,0.36979963998729837,false,60.0247,1155.93,52.297
0.07111173893463643,0.0010104107574759524,0.038794940553666044,-0.45,0.45,0.15584076830133187,false,60.0107,1055.35,54.7209
0.06811125753724227,0.0008549908168260895,0.04320242187821134,-0.45,0.45,0.24289004172511292,false,60.0281,1155.36,54.1705
0.08101059911950899,0.000923038083361913,0.036792341287476715,-0.45,0.45,0.1683235783776675,false,60.0197,1073.61,50.6915
0.06202529345686625,0.0010165289579143132,0.03647423062648818,-0.45,0.45,0.27134459156830926,true,35.9263,605.259,27.0831
0.07638091006131043,0.0010943877342541029,0.03929435909190507,-0.45,0.45,0.2217053424383685,false,60.0041,1131.29,50.2987
0.06447823577534881,0.0012098597894455907,0.04894693863788203,-0.45,0.45,0.1551392631238644,false,60.005,1005.15,61.6268
0.06443830706909857,0.0010587712437841884,0.043024027074206043,-0.45,0.45,0.23938426438097446,true,36.0174,609.388,27.3963
0.06958524378683083,0.0008036370111706784,0.04112544439315886,-0.45,0.45,0.4297120690918579,false,60.0011,1154.33,54.5486
0.06175312014994959,0.0010520363775019994,0.04435791475793233,-0.45,0.45,0.28302103796727024,true,36.0314,606.999,27.6859
0.07215144082171157,0.001052763300092493,0.037088081827275576,-0.45,0.45,0.096788086147308,false,60.0222,906.846,57.4492
0.07632905889799471,0.0009177778224874339,0.03547590690830042,-0.45,0.45,0.4458992963312198,false,60.028,1153.04,50.1827
0.0704437494591731,0.001010751568598365,0.047654602362304184,-0.45,0.45,0.3440255661985521,false,60.015,1152.64,53.0677
0.06434994956430003,0.0010092672207632407,0.03855305001208961,-0.45,0.45,0.305889832898428,true,35.9478,606.75,26.3644
0.06762331591067693,0.0008987344085498121,0.0408557776698615,-0.45,0.45,0.32799217156067983,false,60.0266,1155.47,53.8257
0.07799154735984597,0.0008728371178107866,0.03415709394123118,-0.45,0.45,0.3450582808606059,true,35.9269,605.28,24.0701
0.07207453506853025,0.0009689787780249482,0.04897568500064735,-0.45,0.45,0.35279648458665597,false,60.0052,1151.44,53.393
0.06563215769349554,0.0008380192876527843,0.04252164145429056,-0.45,0.45,0.5483146520183692,false,60.0071,1153.24,57.3006
0.07536182738872085,0.0009262916257372713,0.0321665767218205,-0.45,0.45,0.2685029263507104,true,42.1701,748.122,32.3798
0.07582146793842665,0.0009624555186909736,0.043695880980754324,-0.45,0.45,0.31777688848900526,false,60.0164,1153.03,50.465
0.06958969669471124,0.001013159276687801,0.03866415440490568,-0.45,0.45,0.1483402437913146,false,60.002,1050.59,55.8823
0.0707926727698846,0.0009714853911435981,0.03785859685859117,-0.45,0.45,0.24987558912856025,true,35.9958,605.783,26.3567
0.06990017720878935,0.0008442130444291337,0.04279390900412029,-0.45,0.45,0.3583368916451264,false,60.002,1155.33,53.8623
0.07233008112181523,0.0008683414812401121,0.042492956834451555,-0.45,0.45,0.3350025355090469,false,60.0228,1152.96,53.2251
0.07198621700494741,0.001021884153542217,0.04256374606835967,-0.45,0.45,0.19203765468356487,false,60.0073,1138.29,51.4748
0.0658557054356462,0.0009366140036522329,0.04036543476279123,-0.45,0.45,0.3184678548270025,true,36.0469,606.999,26.5197
0.07484871041748996,0.000794094274276305,0.04435671838901341,-0.45,0.45,0.24678216996271088,false,60.0172,1144.3,53.3427
0.06320370550417675,0.001066462732015436,0.03491603913718446,-0.45,0.45,0.44289008400771457,true,35.8695,605.641,26.7499
0.06865938184528816,0.0008563916380990792,0.04092605149905688,-0.45,0.45,0.2900109257579605,false,60.0278,1156.26,53.5143
0.07375410211735595,0.0010094438434219628,0.041483670057061786,-0.45,0.45,0.21666758103836764,false,60.0188,1115.23,51.6968
0.08444741651689784,0.0009348166571533687,0.04211011565278112,-0.45,0.45,0.3489958465029507,false,60.0113,1153.31,47.1668
0.07187836961361513,0.0011939748502448216,0.037154071233879,-0.45,0.45,0.3461633955827304,true,36.1383,608.136,24.6349
0.0738127467912676,0.0009392979937211172,0.03606563168803996,-0.45,0.45,0.30788142605150837,true,35.9634,606.136,25.5118
0.07625756031586656,0.0010157078271566056,0.03802056247177468,-0.45,0.45,0.29566988751569,false,60.0247,1153.34,49.1873
0.06827984194429679,0.0007282214196993701,0.03935383209998522,-0.45,0.45,0.2611642033073019,false,60.0125,1155.37,55.0979
0.06979213047398154,0.0009611691933336261,0.04287510052521093,-0.45,0.45,0.2138808651274571,false,60.0219,1141.48,53.4115
0.07135431733745137,0.0008969629370164015,0.043368099857589965,-0.45,0.45,0.34149574614844025,false,60.0268,1156.59,52.2683
0.06972121956357617,0.0009275722137122071,0.044535968151318876,-0.45,0.45,0.2309710915590959,false,60.015,1143.66,52.774
0.0695665029158216,0.0009883597939542837,0.035512012269211114,-0.45,0.45,0.3836717707402996,true,35.9361,605.829,25.8939
0.06916418927472545,0.0008648370655651785,0.05120978109989653,-0.45,0.45,0.22296263263868057,false,60.0113,1128.95,56.0207
0.0689377745644165,0.0008273385891788615,0.04443055494264193,-0.45,0.45,0.3511132729998858,false,60.0086,1151.74,54.5872
0.07933228521905156,0.0010945699879746046,0.041470016715862576,-0.45,0.45,0.29228156720919585,false,60.0224,1150.86,49.3492
0.06435798084533366,0.0008846728215878393,0.04233884410407965,-0.45,0.45,0.25074249425633105,false,60.0137,1155.17,56.576
0.06827617157809504,0.0010433901164619032,0.03982868194854173,-0.45,0.45,0.23534412055911771,true,36.052,608.239,26.0833
0.06492491278411254,0.001072090484293508,0.04140438648927526,-0.45,0.45,0.24984978344806777,true,35.9676,606.641,26.0057
0.06691979657246873,0.0008146650663199129,0.03885968049244423,-0.45,0.45,0.3289977575181683,false,60.0108,1155.09,54.4414
0.06723577594245858,0.000899733136020016,0.03693779531448868,-0.45,0.45,0.2800675601489507,true,35.886,605.827,26.3344
0.07716976212820027,0.001121941003502171,0.04120280305246811,-0.45,0.45,0.3147257936288977,false,60.0017,1150.88,49.825
0.065648969326051,0.0010690901972037925,0.040653831443167296,-0.45,0.45,0.29242345047056917,true,36.0967,607.993,26.2302
0.06406092884925857,0.0010173449659438686,0.04170486500339956,-0.45,0.45,0.17820261750747024,true,36.2688,608.134,27.3552
0.07083874645885627,0.0011253797621727274,0.03837725275493859,-0.45,0.45,0.3768055132774971,false,60.0134,1154.81,50.3002
0.06682492254008553,0.0009002509430815372,0.04084857641967598,-0.45,0.45,0.18445120986701136,false,60.0142,1117.67,56.0211
0.07306202199110597,0.001048020570229215,0.04992962162561511,-0.45,0.45,0.24986227778416745,false,60.0286,1150.9,51.7248
0.07100178507137149,0.001024403778978268,0.04451552078943507,-0.45,0.45,0.2655114576533077,false,60.0023,1154.69,52.8591
0.07520745405343976,0.0008815374646644335,0.03482706700148789,-0.45,0.45,0.47121647655297877,true,35.9186,605.66,24.178
0.06409962672482689,0.0010754451258023932,0.037249428116973675,-0.45,0.45,0.3723588421300581,true,35.8494,605.435,26.1961
0.06605484731477507,0.0009476830276409752,0.03868879288037946,-0.45,0.45,0.2535777478764679,true,36.0182,607.279,26.9921
0.06598596091840547,0.0009420586514520932,0.03682402438553847,-0.45,0.45,0.21122879139215955,true,35.8565,604.785,26.1189
0.062112525897222555,0.0011071214924708447,0.037719108119099544,-0.45,0.45,0.30191597066668835,true,35.9413,606.687,26.7487
0.07179584900816263,0.0009468941040026475,0.044555094293977665,-0.45,0.45,0.2707040059137005,false,60.0215,1153.59,52.9974
0.06918311622331598,0.0009394158329946049,0.041607454232607324,-0.45,0.45,0.3994461931653723,false,60.0016,1152.15,53.6205
0.06883231516861936,0.0009308866986747003,0.040122432271980514,-0.45,0.45,0.361083561218991,true,36.0626,608.993,25.9087
0.06370037589889413,0.0008885493319810226,0.04367044939828914,-0.45,0.45,0.29501904612606705,true,42.3145,750.002,37.2542
0.06877086764195563,0.0009730954477163972,0.04475035548208507,-0.45,0.45,0.3122489783988287,false,60.0125,1154.5,53.7575
0.0646976146925244,0.0009377090127320839,0.04378580757364444,-0.45,0.45,0.2665280070644164,false,60.0061,1152.96,56.5156
0.07632260561679546,0.0008812406955408502,0.04271713558226319,-0.45,0.45,0.4551229355042903,false,60.0234,1153.54,51.6707
0.0672311242167462,0.001020006017753829,0.03840223315390324,-0.45,0.45,0.43037357170162366,true,36.032,608.761,26.5102
0.08277170387261584,0.0008527618936369919,0.04065457915250128,-0.45,0.45,0.38015482107550613,false,60.0116,1152.34,49.4601
0.07116294280835012,0.0008405384723773366,0.03962190859433175,-0.45,0.45,0.28753205534315973,false,60.0288,1155.37,52.6176
0.0595193677172869,0.0009451249474917345,0.03907016571598718,-0.45,0.45,0.3495311843297846,true,35.9356,605.951,28.053
0.07027776822232387,0.0010110959474398118,0.03754750780852671,-0.45,0.45,0.396688504722211,true,35.9471,605.878,25.4844
0.0760657559128906,0.0010845664107541246,0.042461241061609686,-0.45,0.45,0.25412549812157487,false,60.0094,1143.45,49.2662
0.07466683167575641,0.0008927795523410932,0.04187463837282462,-0.45,0.45,0.1829790073365664,false,60.0291,1097.76,51.6963
0.0657429600096124,0.000876700411761475,0.039197221053520456,-0.45,0.45,0.3240524936310744,true,35.9831,607.941,26.7198
0.07412141337187594,0.000997213787401902,0.04128344077404863,-0.45,0.45,0.23458297721354152,false,60.0074,1154.61,51.0932
0.06292230526709691,0.0009071446869965039,0.04301653190211335,-0.45,0.45,0.2506847237881833,true,36.0389,610.054,28.1563
0.06968617844761708,0.000703557888729624,0.04042692875222784,-0.45,0.45,0.2502404065787058,false,60.0159,1154.37,54.4531
0.07612215950467614,0.0007410001706518396,0.04274671470557574,-0.45,0.45,0.2458393748969724,false,60.0122,1152.25,51.5867
0.07190887077562952,0.001031024961564036,0.03878023405988779,-0.45,0.45,0.356094952471474,false,60.0071,1155.04,51.8176
0.07257846402346736,0.0009225383926205709,0.03945832577258363,-0.45,0.45,0.17461741998837538,false,60.0245,1074.96,52.8516
0.06895653069565581,0.0009155981993336489,0.03974426563372854,-0.45,0.45,0.3360318421918176,false,60.0123,1154.36,53.0238
0.07187593476895858,0.0008358690199078541,0.04578608318568223,-0.45,0.45,0.27360376414834564,false,60.0084,1153.83,52.7721
0.07081694397547869,0.0008959080104001137,0.03609615017227922,-0.45,0.45,0.26782323003264186,true,42.238,748.817,33.9684
0.07274374101862288,0.0009622364068939192,0.03667192570471167,-0.45,0.45,0.324006678728416,false,60.0046,1155.76,51.618
0.07484460234607296,0.0009390093493222873,0.04492773228116473,-0.45,0.45,0.2446637066268917,false,60.0256,1154.29,50.2904
0.06817985794713714,0.0009520824777742333,0.04266080645719936,-0.45,0.45,0.3405911110103613,false,60.0118,1154.54,53.5209
0.06526645121555648,0.0008517221719340455,0.0410457205341604,-0.45,0.45,0.3847208899252784,true,36.1421,609.077,27.7544
0.0637566050857136,0.0009463185008811696,0.04151846170973412,-0.45,0.45,0.2633454011862846,true,35.9272,606.947,26.891
0.07146124979263671,0.0009120521498778183,0.03892170622267168,-0.45,0.45,0.31076861787271165,true,35.995,606.9,25.6007
0.07307407217207273,0.0009750464823273103,0.039275461736477335,-0.45,0.45,0.26041091762903446,true,36.0688,608.135,25.2958
0.06876233324973216,0.0009024020653678494,0.04336381224266632,-0.45,0.45,0.26156929746499347,false,60.0002,1154.15,53.3769
0.06984556155265759,0.0009455299031498052,0.04067263964354641,-0.45,0.45,0.24441183999545926,false,60.0332,1154.37,52.5867
0.06620155853279053,0.000934024480285088,0.03731005456198945,-0.45,0.45,0.3301223907436075,true,36.0016,606.34,26.0754
0.071339929364799,0.0008728845161528541,0.04039008835646879,-0.45,0.45,0.27746069105828736,false,60.0256,1152.6,52.8526
0.06508721105358123,0.000887601092365616,0.04393636140684568,-0.45,0.45,0.3527541318159013,false,60.0061,1153.83,56.2868
0.0729121502855608,0.0009444933649443908,0.042207965961098395,-0.45,0.45,0.2231339507719528,false,60.021,1136.58,51.707
0.0733530508027522,0.000818243619105853,0.040708126332270805,-0.45,0.45,0.21199739897176229,false,60.018,1138.12,52.3296
0.07210162263017637,0.0008165971077242476,0.03551163890743283,-0.45,0.45,0.380318266095763,false,60.0001,1153.06,51.9531
0.07306998589562543,0.0009091807889466644,0.04748378773798547,-0.45,0.45,0.33470246910065443,false,60.0192,1151.83,53.4912
0.06940594108117737,0.0009015579803339035,0.03759589494810531,-0.45,0.45,0.22445920239179742,true,35.9597,606.835,25.6719
0.06570068105974267,0.0007959587284531478,0.04605644941947501,-0.45,0.45,0.20590982781400072,false,60.0066,1128.83,57.4033
0.07195766496226401,0.0009459187048929004,0.04041073523205929,-0.45,0.45,0.4031677563125334,false,60.0191,1155.97,52.0313
0.07179668490023142,0.0008844080010610069,0.04310792825715897,-0.45,0.45,0.3163274434922819,false,60.0296,1155.27,52.6634
0.07135393530269987,0.0008025299027532307,0.04123260300029748,-0.45,0.45,0.3476279930542655,false,60.0222,1155.87,52.2541
0.07371899992259764,0.0008839200943127391,0.04275821238913026,-0.45,0.45,0.2785648648432245,false,60.0022,1153.35,52.1135
0.0639355297508008,0.0009887912012047854,0.04176760305759648,-0.45,0.45,0.25987458719587236,true,35.9338,606.213,26.503
0.06753622247784732,0.0008330557853104882,0.041089525416895895,-0.45,0.45,0.394341808289934,true,36.0137,606.791,26.8189
0.06904069406025089,0.0007552473980606357,0.03716823377319622,-0.45,0.45,0.307668321069209,false,60.0053,1153.91,53.9149
0.07072290018266922,0.0008208000676304988,0.039464562302282145,-0.45,0.45,0.3766353079593255,true,36.0031,607.32,26.3617
0.06712150396405622,0.0008984344516260702,0.03391079145021571,-0.45,0.45,0.3876401481695156,true,35.942,605.389,25.3031
0.06514191306283042,0.0011151410608388663,0.038921153465758015,-0.45,0.45,0.23134826132768826,true,36.0102,608.553,26.8429
0.07005929050401118,0.0009570199005208331,0.043642730918868104,-0.45,0.45,0.2666854950057819,true,36.0072,607.98,25.5164
0.0716191663476686,0.0009544999765752982,0.038692698349651826,-0.45,0.45,0.2850670622034822,false,60.0212,1154.22,51.6151
0.0746258177640089,0.0008513880212357431,0.037885315738386355,-0.45,0.45,0.32208530911776817,false,60.0033,1152.02,52.2557
0.06876832717657584,0.0007869142431686946,0.04108359194690099,-0.45,0.45,0.2740113672692998,true,35.9872,607.044,26.2166
0.06550953467492043,0.0008635607247056277,0.039277624773036965,-0.45,0.45,0.3064236209736792,true,42.2158,749.164,35.5369
0.06550832953295059,0.0007788667607602684,0.03725763262061594,-0.45,0.45,0.35477777501373486,true,35.9692,607.111,27.0773
0.069118356774931,0.0008106769910048825,0.03910008963555404,-0.45,0.45,0.29476951159670706,false,60.0207,1154.93,53.3603
0.07365056965385453,0.0009583729358726361,0.044068821287972015,-0.45,0.45,0.36808031421055176,false,60.0125,1154.04,51.3046
0.07067729080203657,0.0009010187183917714,0.03879371819141766,-0.45,0.45,0.33974907513744623,false,60.0242,1154.98,51.6225
0.06881173518823461,0.0008452940320803348,0.03826035285252635,-0.45,0.45,0.2482176405019862,false,60.0128,1153.28,53.4759
0.07279535053283669,0.0009400351233465029,0.040543611736801266,-0.45,0.45,0.3245101592527682,false,60.0001,1155.03,51.6908
0.07233396613838926,0.000853300676427293,0.03998187275762491,-0.45,0.45,0.3798925220229551,false,60.0086,1155.82,52.0728
0.06604569304844869,0.0010102296329862002,0.036533582225603434,-0.45,0.45,0.3580034338728487,true,35.8987,605.107,26.6029
0.07122508543005629,0.0009195967242543685,0.03770957412002391,-0.45,0.45,0.3462339494635043,false,60.0138,1155.51,51.6288
0.06910461399816359,0.0008862785577490645,0.042726475706028645,-0.45,0.45,0.33621968838084704,false,60.0072,1153.66,53.6445
0.06979159960634568,0.0008990674719338721,0.035563757930477585,-0.45,0.45,0.3951829310035708,true,35.8986,605.952,25.4063
0.07166968708133373,0.0009051633607498169,0.038906854154411655,-0.45,0.45,0.30767647447156704,false,60.0121,1151.69,52.7606
0.06586235540742523,0.0008937758049441634,0.04074820905297001,-0.45,0.45,0.24115152269506182,true,35.9934,607.225,27.3909
0.06621759179897478,0.0008847230499020847,0.04369137272321604,-0.45,0.45,0.4468570309968427,false,60.0065,1155.29,54.9666
0.06326919038287292,0.0007793222386140149,0.03997674374918734,-0.45,0.45,0.37445254223301316,true,36.0663,607.16,28.0107
0.06882438736060495,0.0008755332982461686,0.042738867113355526,-0.45,0.45,0.23499162752640143,false,60.0112,1139.43,54.4677
0.07558511003129241,0.0007468495605626755,0.04060516224277879,-0.45,0.45,0.3784777523765184,false,60.002,1153.96,51.7282
0.07724634520588593,0.0009040513320628008,0.04286583859209344,-0.45,0.45,0.3295827946652096,false,60.0067,1151.79,50.261
0.07038783690278246,0.0008705308813077672,0.04047484669779019,-0.45,0.45,0.29846630009896,false,60.0015,1155.39,52.9695
0.07039964353104758,0.0009158239107403788,0.04127315880942204,-0.45,0.45,0.3330108152998619,false,60.0191,1152.75,52.5532
0.07555855808851586,0.000961716658900312,0.03961587722405365,-0.45,0.45,0.36114779854120516,false,60.0013,1153.02,50.4542
0.06477261961605066,0.000904396761660469,0.045727509368611856,-0.45,0.45,0.3085035180253864,false,60.0091,1156.07,56.116
0.0649275180817113,0.0008020155882684346,0.03736070317951178,-0.45,0.45,0.30229177504549465,true,35.8721,605.334,26.9719
0.07331468276383989,0.000816856987840405,0.04108049104722633,-0.45,0.45,0.2277732566971514,false,60.016,1146.79,52.205
0.06797223060632691,0.0008770569646053688,0.04246833255155677,-0.45,0.45,0.3538777356047045,false,60.0157,1155.22,53.9874
0.07407762483489752,0.0009520380297867001,0.04285710781014229,-0.45,0.45,0.22911637954668596,false,60.01,1154.66,51.8154
0.07285420903842263,0.0008899178202911634,0.03868602172468546,-0.45,0.45,0.3879883502268148,false,60.0253,1154.13,51.5361
0.06509778494391662,0.0009059624765659771,0.03950418484452313,-0.45,0.45,0.305090807382361,false,60.0212,1153.85,55.8401
0.06992140078729717,0.0009895522300018482,0.04101733776512084,-0.45,0.45,0.30587407475864026,false,60.0159,1153.95,53.3052
0.07067611854027785,0.0009734415580234002,0.039119105334542395,-0.45,0.45,0.39442071408291063,false,60.0184,1154.67,50.6575
0.06778197024951128,0.0008622712633805358,0.03878074866835781,-0.45,0.45,0.4012837850388422,false,60.0188,1156.07,53.1371
0.06819519947068978,0.0009417454120588452,0.039734894181987106,-0.45,0.45,0.3058877567360512,true,42.2777,749.667,35.3922
0.06963371660049432,0.001016646326449478,0.04032512544352665,-0.45,0.45,0.36775738559385623,false,60.0279,1155.14,51.9766
0.07277980315580858,0.0008600588135571635,0.0376906366866193,-0.45,0.45,0.3026727923672124,false,60.0014,1154.7,51.8069
0.0747349560332216,0.0009227268002316391,0.04171868659287,-0.45,0.45,0.2877296849187787,false,60.0151,1154.16,51.1288
0.07095361351451222,0.0009166386102007766,0.037628353431844064,-0.45,0.45,0.34641834361540197,true,36.0364,608.978,26.0874
0.06735848425065766,0.0010264482221885953,0.040674520310456694,-0.45,0.45,0.369700731868349,false,60.021,1154.41,54.2003
0.07030945398381304,0.0009112557375392233,0.03796753395384857,-0.45,0.45,0.30793771942811915,false,60.0158,1156.39,52.905
0.06421055492425705,0.0009462367773650487,0.03895736448331842,-0.45,0.45,0.30060511823432656,true,36.0725,608.341,27.1073
0.06888733708592472,0.0009029470157938178,0.04110436657995372,-0.45,0.45,0.3054661903336733,false,60.0031,1155.78,53.9886
0.07103813364003814,0.0008786718698926609,0.03951801276425154,-0.45,0.45,0.2940918313991919,false,60.0133,1153.54,53.269
0.06607015252469597,0.0009135073689224908,0.03634412780565113,-0.45,0.45,0.39733279921328385,true,35.888,605.141,26.6178
0.06862582170687206,0.0009139362392741814,0.037498805322862136,-0.45,0.45,0.3482199399894662,true,36.1243,607.444,26.1323
0.07219203307099518,0.0009418458739562162,0.03623230526290333,-0.45,0.45,0.322896072713676,true,36.0053,607.222,25.4727
0.06718617852516222,0.0008622745673034175,0.04210514038088402,-0.45,0.45,0.34420185528080444,true,36.0617,608.197,27.0316
0.0694573919031184,0.0009495659847377473,0.041815168495872836,-0.45,0.45,0.2824377310357386,false,60.0055,1153.37,53.1712
0.07037771841814557,0.0008847681919909949,0.036889173154338276,-0.45,0.45,0.27781771711282127,true,36.0332,608.971,26.0794
0.07233252344680417,0.0008514128316740788,0.03904867931661257,-0.45,0.45,0.42925062840062705,false,60.0084,1152.11,52.0824
0.07681000218781676,0.0009388366497083747,0.04085681128931133,-0.45,0.45,0.40225870427407195,false,60.0184,1153.27,50.9563
0.07009724126632279,0.0007948001058069535,0.03650005865066657,-0.45,0.45,0.37274556610280446,true,35.9696,607.265,26.2075
0.06325534413360903,0.0007948877845000221,0.04181954805165707,-0.45,0.45,0.3543539295798801,true,36.1341,609.217,28.2306
0.06898236123341271,0.0008898495410120618,0.03916117529884298,-0.45,0.45,0.33519550774613255,true,35.9555,607.96,26.8356
0.07541782439613486,0.0009374127535526384,0.04163563177008355,-0.45,0.45,0.4183766469828244,false,60.0057,1152.93,51.1957
0.06613524913067385,0.0009395349718470865,0.038673542556510274,-0.45,0.45,0.3949097582603726,true,36.0389,607.872,26.9928
0.06630363593562498,0.0008254343060761349,0.03562994303245172,-0.45,0.45,0.2913508235079048,true,35.8791,605.491,26.7128
0.07216598664534847,0.0008718728196596483,0.04212026457084577,-0.45,0.45,0.3694983030276151,false,60.0256,1155.57,51.5048
0.06744809733722158,0.0009248082860218809,0.037749394356956574,-0.45,0.45,0.288124437453343,true,36.0611,608.135,26.4955
0.07420130632988177,0.0010335653085263943,0.040008700142772115,-0.45,0.45,0.2980708280220839,false,60.0245,1154.76,50.9658
0.07118053025629449,0.0008147230849352387,0.04103657980506641,-0.45,0.45,0.2710158858990532,false,60.023,1155.24,53.3922
0.07205977403013,0.0009346068524066345,0.036226795271324386,-0.45,0.45,0.34703605165312224,true,42.2206,748.653,33.4835
0.06883179675156599,0.0008060777221104988,0.042055040336562155,-0.45,0.45,0.35198121193883575,false,60.0227,1154.2,53.6179
0.06323477620681506,0.0008621254802829056,0.04256286719833812,-0.45,0.45,0.37767239442560374,false,60.0056,1155.32,56.9355
0.07486493619425826,0.0008562485425831044,0.03716105341770444,-0.45,0.45,0.32185546104753915,false,60.0295,1152.02,50.8615
0.07096869163359525,0.00095041037738379,0.043165865083158804,-0.45,0.45,0.34188192412599144,false,60.03,1154.61,52.5054
0.07011056265381102,0.0009528196523310291,0.04165851789761006,-0.45,0.45,0.4080028080790916,false,60.0139,1152.86,52.1994
0.07161493034924679,0.0009651556172081727,0.040946471030911924,-0.45,0.45,0.33812504177959213,false,60.0222,1154.28,51.6802
0.06756560501602234,0.0009013850965250497,0.03642658588809855,-0.45,0.45,0.22885936608570448,true,35.9767,605.934,25.6737
0.07142962630910875,0.0009409889032971326,0.041628020920915235,-0.45,0.45,0.36536006815604855,false,60.0394,1154.34,51.6859
0.07286740347343836,0.0008356965660833119,0.0443276153637118,-0.45,0.45,0.29705108738164615,false,60.0226,1155.56,51.982
0.0715045076179079,0.0008304905760445885,0.04268283415078861,-0.45,0.45,0.30153861163935564,false,60.0215,1154.04,53.2367
0.07566177958188539,0.000982165363353621,0.04560702562092694,-0.45,0.45,0.3550905710803163,false,60.0045,1152.61,51.381
0.07624347591209184,0.0009274237485867661,0.03982204134367936,-0.45,0.45,0.32059899292019456,false,60.0221,1154.19,50.4174
0.07236835460984438,0.0008612598829886846,0.0368135874524299,-0.45,0.45,0.33680167891563834,true,35.9892,607.263,25.9669
0.07371032911362249,0.0009062408994140251,0.04447513829039648,-0.45,0.45,0.421729758416485,false,60.0014,1154.33,52.3033
0.07275582528329232,0.0009578915135584437,0.042834052222829426,-0.45,0.45,0.3346890448802478,false,60.0254,1154.9,51.5278
0.07358658236474913,0.0009804057933641757,0.0434959353199104,-0.45,0.45,0.3194857883904874,false,60.001,1153.92,50.3808
0.07380190048105086,0.0008928657090585674,0.034022506698264884,-0.45,0.45,0.3221027073910937,true,42.1471,748.334,32.7498
0.06801264154267511,0.0008669047946632539,0.03473679336956318,-0.45,0.45,0.3249766081746076,true,35.9121,605.698,25.6885
0.066294240443462,0.0008321501829047488,0.03874240841858488,-0.45,0.45,0.3094103248967705,true,35.9181,607.575,27.2501
0.07079298703143393,0.0009173588434418064,0.04224825895597869,-0.45,0.45,0.3851957903397315,false,60.0275,1153.26,52.937
0.06750032851171087,0.000906355092250876,0.042187800295446096,-0.45,0.45,0.42909218003640603,false,60.0074,1155.28,54.3762
0.0683377398895685,0.0008892373009203012,0.04335611429320072,-0.45,0.45,0.37340788076334175,true,36.0546,607.861,26.114
0.06867877815933277,0.0008804834940208755,0.04025098978740183,-0.45,0.45,0.2688953288332164,false,60.0099,1155.67,53.6038
0.0684491010208088,0.0008538363880853419,0.043608581811915265,-0.45,0.45,0.351867260242705,false,60.0101,1153.53,54.7166
0.07460308398315575,0.0009950938668187449,0.04072133002747189,-0.45,0.45,0.38037493011607115,false,60.0268,1154.05,49.9058
0.07282571527515047,0.0008865919417309126,0.038327704697151695,-0.45,0.45,0.39285547840169427,false,60.0135,1154.75,52.0631
0.0669868968955747,0.0009552397427702061,0.03958463000377438,-0.45,0.45,0.3379053569078643,true,35.9725,607.975,26.0379
0.07255003992793359,0.0009005775647449124,0.041236595211696474,-0.45,0.45,0.306712074078412,false,60.0067,1154.37,52.4777
0.07361987409475035,0.0008313852427693443,0.04297698240010325,-0.45,0.45,0.43103974000622103,false,60.0019,1154.76,51.9744
0.07222000508175871,0.0008160870005789681,0.043963315844119916,-0.45,0.45,0.34654826849845816,false,60.0002,1150.9,53.3943
0.06983628920668226,0.0008887327236278361,0.037887604133961986,-0.45,0.45,0.3213184101575961,false,60.0154,1155.13,52.0959
0.07417834924125676,0.0008652571660924873,0.041260936430896296,-0.45,0.45,0.3726537270573051,false,60.0017,1154.07,51.3507
0.07037654890843173,0.0009677844699644161,0.04242814863483691,-0.45,0.45,0.28856590967721507,false,60.0202,1154.8,52.3838
0.07020956064221327,0.0008803319923913467,0.04453326286518965,-0.45,0.45,0.27604324154156734,false,60.0087,1155.4,52.9847
0.06726758073822175,0.0008310874792225474,0.04612864978326143,-0.45,0.45,0.32348892634172993,false,60.0103,1153.88,54.9098
0.0634297973939844,0.0008887167395644478,0.043053753778561604,-0.45,0.45,0.39051605803929407,true,48.9372,901.37,48.5919
0.07136195682744963,0.000873729304294983,0.03788923199468665,-0.45,0.45,0.2838345677959549,true,36.1226,608.107,26.277
0.06938681346481268,0.0008430015475508618,0.0382727501765996,-0.45,0.45,0.25688861897926774,false,60.0017,1153.97,53.5868
0.07047237200442366,0.0008970859625441425,0.037221671152292066,-0.45,0.45,0.3572746296101593,true,36.0234,606.862,25.7773
0.06937163637264086,0.0009386436704876959,0.041204545891672495,-0.45,0.45,0.31117834866671656,false,60.0115,1153.6,53.5431
0.06929944015249873,0.0009039210950393515,0.043423962268586414,-0.45,0.45,0.3409950677803883,false,60.0107,1152.32,53.9629
0.07001254193103475,0.0008332432403227551,0.04256154232998333,-0.45,0.45,0.3630957348875479,false,60.0117,1155.47,53.7554
0.0718681516152164,0.0008622639298339175,0.03654412331747885,-0.45,0.45,0.33206985409545714,true,36.0586,608.052,25.9779
0.06546702659710475,0.0008651774446611451,0.04507883176359842,-0.45,0.45,0.368405869420973,true,36.0541,609.011,27.0183
0.06743045235797387,0.0009077927564283926,0.04597347768423022,-0.45,0.45,0.3761759934506406,false,60.008,1155.45,55.3786
0.06806548636851222,0.0009128034002361708,0.04418572962593498,-0.45,0.45,0.3264675945139232,false,60.0086,1154.18,54.4594
0.0686062891942639,0.0008425528749360225,0.04235325974730457,-0.45,0.45,0.3678923155591179,false,60.0171,1152.92,54.9504
0.07185293719507906,0.0008711663171867024,0.044102541958665135,-0.45,0.45,0.2945423759536328,false,60.0194,1152.26,52.306
0.07599491377954928,0.0008654082300016849,0.047022863922738044,-0.45,0.45,0.3138226252320925,false,60.0162,1151.37,51.3703
0.06941365844954292,0.0008761627966776519,0.035944972020643715,-0.45,0.45,0.35874908287139184,true,35.8929,605.637,26.0706
0.06869233601992238,0.0009214431327211316,0.04816828125984134,-0.45,0.45,0.42830416121156345,false,60.0299,1154.68,54.8882
0.06802160703365757,0.0008876627811326698,0.037295625752530155,-0.45,0.45,0.380349257135962,true,35.9334,606.007,26.1882
0.0755112333564273,0.000888285579288798,0.03985375081800788,-0.45,0.45,0.2903149275097395,false,60.0034,1153.6,51.7722
0.07229714338399222,0.0008474783055643225,0.034414599189398334,-0.45,0.45,0.3136040720009642,true,35.8905,606.054,24.7701
0.06658932486858087,0.000945314244333929,0.04597902152730119,-0.45,0.45,0.3054292599940926,false,60.0245,1155.7,56.142
0.07144992412829926,0.0008569314352765089,0.04504986899190224,-0.45,0.45,0.41863525629651716,false,60.0052,1153.37,52.8975
0.06790693227305435,0.0007958371759460483,0.043656750881040075,-0.45,0.45,0.4375415654849293,true,48.8696,900.689,46.3697
0.07606544930619498,0.0009454573038672914,0.04289436954400355,-0.45,0.45,0.29549743894399966,false,60.0248,1153.73,50.4178
0.0703023367249191,0.0009025234856847158,0.040964228831857616,-0.45,0.45,0.326629218641273,false,60.0178,1154.39,53.0681
0.07154004139438057,0.0008524463270047687,0.0391480663722337,-0.45,0.45,0.26511641550090975,false,60.0119,1153.42,52.2086
0.07383789408242995,0.0009747813569361604,0.04161083521705084,-0.45,0.45,0.3754527747293261,false,60.0033,1152.95,51.6546
0.06407225617813572,0.000857471483117762,0.04127125796188778,-0.45,0.45,0.35848923913449143,true,35.9803,607.706,28.1539
0.06807267101447328,0.0009014884333375889,0.03996208549733969,-0.45,0.45,0.4016602662042258,false,60.0217,1156.2,53.652
0.07492510793777543,0.0008631088929486665,0.034787607817824404,-0.45,0.45,0.2952730294730934,true,35.8543,605.745,24.8327
0.0703852826069218,0.0009441661582113721,0.04201133423861104,-0.45,0.45,0.37825373446598304,false,60.0011,1152.71,52.6129
0.068756434444411,0.0009536833221884052,0.04474791801153753,-0.45,0.45,0.38859253484863376,false,60.0154,1154.83,54.1758
0.06577269626876392,0.0008600409568176344,0.041223772640255826,-0.45,0.45,0.3487587130023331,true,35.8661,606.224,26.5336
0.07727326919560994,0.0009236917605384966,0.038651000576683595,-0.45,0.45,0.3768796113819606,false,60.0283,1154.34,50.8522
0.06664581234368833,0.0008617269184550389,0.040317596805183056,-0.45,0.45,0.43230139303116744,true,36.1037,608.175,27.1854
0.07519411629786549,0.0009339841447102135,0.04643357560465756,-0.45,0.45,0.3308819814655909,false,60.026,1152.93,50.4761
0.06939509103755524,0.0008242514602106428,0.037392139334748074,-0.45,0.45,0.36058107952062746,true,35.9925,605.073,26.6198
0.06746711426612458,0.0008112499940316298,0.04009571861514018,-0.45,0.45,0.3243375467203355,true,36.0017,606.738,26.8921
0.07160607469619762,0.0008974477274572419,0.041751869573613175,-0.45,0.45,0.3271591898634524,false,60.0146,1152.73,52.6774
0.06900106208213742,0.0008299091679599106,0.0396085270823958,-0.45,0.45,0.3305553234267938,true,36.0593,609.151,27.3772
0.07422189590970554,0.000866653480587521,0.04350368139789743,-0.45,0.45,0.2984017635636514,false,60.0287,1155.18,51.3152
0.07100758458358651,0.0007965775862527526,0.03685672344597399,-0.45,0.45,0.3528040062605246,true,36.0342,607.667,25.7654
0.06875917765498976,0.0010002774916221108,0.04217634256343319,-0.45,0.45,0.32974749762288846,false,60.0169,1153.81,53.0896
0.07311716602832123,0.000931425112122198,0.037096340316981044,-0.45,0.45,0.39710147779761285,false,60.0108,1155.54,51.524
0.0714242215702882,0.000986428102089798,0.038509479865567416,-0.45,0.45,0.3014183742413971,false,60.0123,1156.06,51.4421
0.0713249896862482,0.0008661772485865298,0.03728365522602403,-0.45,0.45,0.3034961998384541,true,36.0974,608.073,25.992
0.06496262949165667,0.0009753659359537967,0.04152652779989887,-0.45,0.45,0.38243744766351984,true,36.0685,609.104,26.7754
0.06935830329762745,0.0009596134566022346,0.04317208240011553,-0.45,0.45,0.39178944919688186,true,36.059,607.445,25.6129
0.07409760725705357,0.0008717088921921614,0.041088146773560374,-0.45,0.45,0.34650353072028456,false,60.0238,1154.93,50.9748
0.07194270658764022,0.0008354767713963519,0.040698290052452096,-0.45,0.45,0.34294297681382985,true,36.1581,609.16,26.295
0.06662391657197213,0.0008890099170588529,0.04455071510129718,-0.45,0.45,0.28808462607290086,false,60.0189,1154.28,55.5026
0.07134517379744447,0.0009444229227218771,0.043814813508037634,-0.45,0.45,0.43981358873797416,false,60.0036,1152.84,53.4945
0.07302099162071288,0.0009610347375235933,0.044074972550330764,-0.45,0.45,0.25986045168979066,false,60.0281,1154.43,51.4518
0.07090208559046017,0.0009229817184551123,0.03928345079226156,-0.45,0.45,0.28440440032664144,true,35.9345,606.147,26.1115
0.07111309401296294,0.0008464464763807382,0.03915532236081124,-0.45,0.45,0.27132246603328414,true,36.0538,608.063,26.714
0.07068764425329883,0.0008628514459349165,0.039025957971577256,-0.45,0.45,0.3176636513724143,true,36.0357,606.911,26.2427
0.06687294790728592,0.00088232621437085,0.04108713641892928,-0.45,0.45,0.3972165591398784,true,35.97,607.589,26.5703
0.07061536414444208,0.0008718161850087124,0.03815738692895659,-0.45,0.45,0.3657573394776758,false,60.0055,1152.21,52.0541
0.07151477416515632,0.0008485133545155384,0.041868772784320926,-0.45,0.45,0.3608924651583775,false,60.0075,1154.93,52.8921
0.06763660179122694,0.0008618882854188675,0.045004420844066945,-0.45,0.45,0.3671302492917806,false,60.0114,1154.86,54.8195
0.0698308672340634,0.0009097545218565834,0.040787539190391714,-0.45,0.45,0.32165434667731646,false,60.0195,1154.8,53.0339
0.06751502306065489,0.0007998307187294788,0.03908801915866529,-0.45,0.45,0.35441993157903834,true,35.9313,607.89,26.8666
0.06859225555355618,0.0009536458075878499,0.037483167057738444,-0.45,0.45,0.35668401128301214,true,35.9159,606.466,25.4584
0.07059111249932293,0.0008854398273914256,0.04201063516797588,-0.45,0.45,0.2746893725603302,false,60.0274,1153.31,53.9814
0.07081391556330602,0.0009266951165888617,0.04431770068393002,-0.45,0.45,0.25102296384473144,false,60.0137,1154.66,52.752
0.06436213261881943,0.0008591520289545679,0.042148220036829234,-0.45,0.45,0.29846907366983905,false,60.007,1154.61,57.2328
0.06917913157683618,0.0009002543879880933,0.043038197660190285,-0.45,0.45,0.3862649343266894,true,36.162,609.425,26.5555
0.06798580003414413,0.0008540254380020106,0.05002879865898804,-0.45,0.45,0.3741036732957958,false,60.0026,1152.84,56.444
0.06964536081750689,0.0008901306386782254,0.0427013533419538,-0.45,0.45,0.320372540192783,false,60.0164,1152.22,53.4201
0.06586852976078698,0.0008874478092279465,0.04693065998050319,-0.45,0.45,0.3342758423761879,false,60.0098,1155.35,56.2763
0.0678748608176772,0.0008868924369478612,0.04456572395941419,-0.45,0.45,0.31522996767144584,true,36.0884,608.703,26.9193
0.07013870792233892,0.0008860601895969912,0.03887763118599176,-0.45,0.45,0.26539597489397065,true,42.252,749.355,34.6728
0.06955970577090144,0.0008829822584188761,0.045029325848206014,-0.45,0.45,0.2721496257076931,false,60.0089,1154.42,53.5436
0.07141828708995061,0.000862226432168889,0.04125445540017186,-0.45,0.45,0.3696398812436218,false,60.0218,1154.47,52.563
0.06898467092639474,0.000841359895075381,0.041194744977162634,-0.45,0.45,0.3185014922087456,false,60.027,1155.83,54.1599
0.07009516964412868,0.0008202673686704989,0.04511134169241121,-0.45,0.45,0.374141129850124,false,60.0087,1153.98,53.781
0.06801999814193194,0.000829388724419412,0.0384542589753471,-0.45,0.45,0.331770098051074,true,35.9513,606.797,26.2007
0.06736388589182302,0.0008938177659233845,0.045261553319054494,-0.45,0.45,0.34634182528847096,false,60.0018,1155.19,55.4989
0.06857673189047529,0.0008374925012296687,0.04421580039177686,-0.45,0.45,0.324509962339062,false,60.0115,1153.17,55.3499
0.07154384751599366,0.0008162349142692715,0.04440402064413507,-0.45,0.45,0.3649591524866547,false,60.01,1153.78,54.1663
0.06648181528734269,0.0009642818698391329,0.040987406839570806,-0.45,0.45,0.3472559527923658,true,36.1446,609.328,26.7937
0.06985744283903313,0.0008956272181659542,0.042725375947045695,-0.45,0.45,0.4603249786321149,false,60.0159,1154.41,52.7857
0.06797234070731807,0.0008883410947014462,0.04062132407171746,-0.45,0.45,0.3365059867538168,false,60.0115,1154.94,53.9463
0.07109421580073394,0.0008521973394445635,0.04109978103199022,-0.45,0.45,0.31635440832216455,false,60.0245,1154.63,52.5466
0.06944769898429547,0.0008729581327587968,0.0473581016991812,-0.45,0.45,0.3550061880150856,false,60.0103,1152.35,54.198
0.06985178119363161,0.000939984272680328,0.0419970237135641,-0.45,0.45,0.3964391857983053,true,36.0247,608.083,25.8547
0.0702001099269027,0.00089263379478398,0.042189014531193836,-0.45,0.45,0.4333351414617753,false,60.0052,1152.67,53.1974
0.06878375292953358,0.000844684716084662,0.04160175789310599,-0.45,0.45,0.37155414501196926,false,60.0074,1153.19,54.0911
0.06748787320299302,0.0008473631491544743,0.04360341438021351,-0.45,0.45,0.3360806483865021,false,60.0003,1154.78,54.4204
0.06903283750054555,0.0008571145031621832,0.04128188583493272,-0.45,0.45,0.36474161193045507,false,60.0022,1154.04,54.4448
0.0670100606349568,0.0008674357362781786,0.04341196343071655,-0.45,0.45,0.2705006796476137,false,60.0044,1154.49,56.2121
0.06973772074247916,0.0009210928785940591,0.04021440697995037,-0.45,0.45,0.28648512817721594,true,36.027,608.958,25.9805
0.06743976849118444,0.0008620807506872461,0.03784367897661019,-0.45,0.45,0.3479854018914195,true,35.9734,607.181,26.5223
0.0677870925295126,0.0009670382715186415,0.03814605080470868,-0.45,0.45,0.31397155082936606,true,35.8968,606.19,26.3241
0.07097858844321081,0.0008321886893048712,0.042009949227420115,-0.45,0.45,0.3673294645155388,false,60.0037,1152.31,53.6959
0.068071273763325,0.0008513172692327298,0.04053040364673337,-0.45,0.45,0.21812726344873146,true,36.3212,607.845,27.4303
0.07005481714994637,0.0009147948809110313,0.03812775536372529,-0.45,0.45,0.3926875915007966,true,35.9411,607.244,26.1948
0.06799430559015376,0.0009388788871003181,0.04415566737395478,-0.45,0.45,0.3085064003590644,false,60.0216,1155.93,54.0626
0.07075301445193657,0.000834708132095303,0.04274980673736318,-0.45,0.45,0.3971152038598571,false,60.0271,1154.05,53.9901
0.07352837138373079,0.000849759971842116,0.046515020726988564,-0.45,0.45,0.2590885928470425,false,60.0061,1152.33,52.5311
0.06950709098048687,0.0009360984013176394,0.046888847323063844,-0.45,0.45,0.33264751200719406,false,60.0004,1154.83,53.2289
0.06835519989935071,0.000900518536712407,0.047575432573343304,-0.45,0.45,0.30418298117710624,false,60.0178,1152.92,54.9963
0.0685708082215572,0.0008525679929096564,0.03533409138107905,-0.45,0.45,0.3720145887324676,false,60.0227,1155.81,53.4324
0.07205606119013867,0.0008052897853522403,0.03870415714377924,-0.45,0.45,0.2812840088024024,false,60.0102,1155.16,52.9712
0.07059033101347216,0.000980401319490828,0.040212367865665205,-0.45,0.45,0.45097090218073504,false,60.028,1153.69,52.4061
0.0654492135744306,0.0008818286279475946,0.03970088315229899,-0.45,0.45,0.32095157833856236,true,35.9685,607.152,27.1707
0.06996576542284053,0.0008248000009840035,0.035720990337165574,-0.45,0.45,0.3237654835744861,true,35.8941,606.583,25.7043
0.06769356838348788,0.000815703619259637,0.03924086541755006,-0.45,0.45,0.36416161786974754,false,60.0072,1155.82,54.5123
0.07221455610463953,0.000963274292253115,0.039095115065210996,-0.45,0.45,0.3620926973558665,false,60.0192,1154.83,50.88
0.0743420353222066,0.0008427595946761962,0.04072166780176392,-0.45,0.45,0.42921476089932664,false,60.0063,1154.06,51.8019
0.06970686456481139,0.0009040149764544798,0.04795341435577135,-0.45,0.45,0.2714249506048912,false,60.0122,1151.52,53.6765
0.07191227059979946,0.000881757282380241,0.0471298910302743,-0.45,0.45,0.3183667465857182,false,60.0271,1152.93,53.1592
0.06760782967349113,0.0009226891211576148,0.04464773262539243,-0.45,0.45,0.3413114400270906,true,36.0792,608.375,26.3959
0.07123185388103746,0.0008531098208718038,0.04141186484902062,-0.45,0.45,0.2940123583105733,false,60.0121,1154.23,52.7278
0.06593271686630989,0.0009362308729002066,0.040693226266124774,-0.45,0.45,0.32571326761865044,false,60.0251,1156.02,54.4097
0.06964180363892748,0.0008900833291762853,0.044299833367262786,-0.45,0.45,0.37670662022740775,false,60.0003,1154.43,53.6635
0.06183507773711389,0.0008789051722862872,0.048272244932421354,-0.45,0.45,0.40741969729209376,true,35.9691,607.317,28.5684
0.06602686593271945,0.0008942043926581588,0.04442115595931826,-0.45,0.45,0.28556209381910874,true,48.9808,900.71,46.7846
0.07033923303287067,0.0008872180565458989,0.044091863653074916,-0.45,0.45,0.28540763377711353,false,60.0216,1151.68,53.372
0.07257766869464408,0.0009727205705478487,0.038395656462780696,-0.45,0.45,0.3293549254443011,false,60.0228,1155.48,51.1407
0.06795152713079233,0.0009368725676501431,0.04033594777823836,-0.45,0.45,0.35755152861047235,false,60.0197,1155.09,52.9959
0.0734504529088516,0.0009805683833002527,0.04321605727092236,-0.45,0.45,0.3816025098198606,false,60.0131,1153.97,51.6203
0.073130787781833,0.0009533871973668723,0.042298125552916295,-0.45,0.45,0.24554792879466542,false,60.0229,1154.74,50.8787
0.07359031503182649,0.0009313308709709285,0.04340402232367427,-0.45,0.45,0.3630919990936017,false,60.0203,1152.5,52.1644
0.0631099778717018,0.0009506276448039976,0.04282348626976237,-0.45,0.45,0.29539428074014623,true,36.1313,610.007,28.5194
0.07186124802473733,0.0009446394510890097,0.041018420702271484,-0.45,0.45,0.3028063856332182,true,36.0735,609.557,25.6434
0.07201717142472748,0.000988429718897082,0.03768603382142993,-0.45,0.45,0.2026470900628216,false,60.0248,1134.95,51.6973
0.06968868233680699,0.0008221677117881956,0.04315881185059736,-0.45,0.45,0.2953575367316579,false,60.0264,1153.87,54.2323
0.06833952795568776,0.0009671205466769628,0.042772290932599315,-0.45,0.45,0.29310689701453785,true,36.0373,608.827,26.8213
0.06604351273560057,0.0008739084786824521,0.043366019961006884,-0.45,0.45,0.28255653594734026,false,60.0212,1155.26,55.3046
0.06557229090153847,0.0008665999696616887,0.047920992519073655,-0.45,0.45,0.38365768109610554,true,36.0459,609.057,27.7398
0.06554160095619001,0.0009356376353297462,0.04358567472271522,-0.45,0.45,0.31663850351195644,true,36.0144,608.396,27.1674
0.06600366456193497,0.0008302637059598314,0.042678317171545375,-0.45,0.45,0.3787424476286362,false,60.0205,1156.26,54.836
0.06928071336520011,0.0008761511739924661,0.04181972619549301,-0.45,0.45,0.27100179737433416,false,60.0114,1155.04,54.0303
0.06662149839776065,0.0008618597805556586,0.04799836870358674,-0.45,0.45,0.31077409852400467,false,60.0055,1153.03,55.4966
0.06592889557099837,0.0008861475993519585,0.044566387290972245,-0.45,0.45,0.3437124500379677,false,60.0194,1153.17,56.2202
0.07419662946581809,0.0008751169594599319,0.036324888596072545,-0.45,0.45,0.3358462879633511,true,36.0714,608.791,25.3059
0.07010475900619843,0.0009613172374254501,0.03678099483734153,-0.45,0.45,0.34856553376524885,true,36.0229,608.244,26.0953
0.06712594618812026,0.0009157900362454503,0.046300701486818134,-0.45,0.45,0.3521353593696705,false,60.0061,1152.92,56.0988
0.06609788147571063,0.0008349046246339883,0.03791525209961593,-0.45,0.45,0.2952236562790638,true,35.9157,605.207,27.2586
0.07004980192659978,0.0009373605828534382,0.03839544761835895,-0.45,0.45,0.3061804948657729,false,60.0174,1154.97,52.5677
0.07054034460812689,0.0009047295872777511,0.04833897288648202,-0.45,0.45,0.28621342110293563,true,48.8373,897.198,44.6612
0.06389112976697188,0.0008757768176632291,0.044328357838515915,-0.45,0.45,0.32687891536758495,true,36.0663,610.148,28.1794
0.07071618069902771,0.0008320780218622617,0.036559319724303874,-0.45,0.45,0.3678091616495491,true,35.9885,606.861,25.6825
0.06578307496159749,0.0009343797554010083,0.04471986299625124,-0.45,0.45,0.2832567800717086,true,48.9329,902.179,46.9981
0.06605189966685089,0.0008719455034483764,0.041716801725348314,-0.45,0.45,0.3173613252034585,false,60.0107,1154.36,56.0762
0.06480884440338389,0.0009644184658134714,0.04431592139047562,-0.45,0.45,0.3539156702382174,false,60.0233,1154.94,56.361
0.06653323676736249,0.0009196060120182929,0.039006724791175555,-0.45,0.45,0.2881203587077739,false,60.0164,1156.09,53.5905
0.07033971745126333,0.0009020874083239795,0.04002214831682633,-0.45,0.45,0.3252066556028843,false,60.019,1153.26,52.7028
0.07111455764009511,0.0008578105166534256,0.04694093046676929,-0.45,0.45,0.29503716153001225,false,60.0105,1154.17,53.9516
0.06974460719086405,0.0009191876699987251,0.04271816529992363,-0.45,0.45,0.3649789214599722,false,60.0262,1155.81,53.1596
0.07321643511673978,0.0008806221165679781,0.04230800280556323,-0.45,0.45,0.32839603026495406,false,60.0172,1155.16,51.9508
0.07081761907940838,0.0009293558578789105,0.049140835460894705,-0.45,0.45,0.36814902892348517,false,60.0161,1155.05,52.3824
0.06723383885273872,0.0009598269643598929,0.04115455637760264,-0.45,0.45,0.4414528950931461,false,60.0172,1155.41,53.8877
0.07270549975230357,0.0009087116280346705,0.0435547934631849,-0.45,0.45,0.314383692459928,false,60.0138,1153.35,52.6455
0.06724864181222782,0.0008994028408213619,0.0449144730799495,-0.45,0.45,0.33749784501529745,false,60.0259,1154,55.4355
0.06660649788534913,0.0008942083095976144,0.04294189972485749,-0.45,0.45,0.33559494901153547,false,60.013,1156.45,54.3743
0.06787152436342216,0.0008963600852197741,0.047039451727017956,-0.45,0.45,0.36389478630646505,true,48.9371,900.688,45.5206
0.0704536676578798,0.0009780966914185792,0.049960621497458474,-0.45,0.45,0.3978639115079119,false,60.0252,1154.26,53.906
0.06818512399781847,0.0009133035739245672,0.04365049380778383,-0.45,0.45,0.30911795976326134,false,60.0021,1154.34,54.3012
0.06836402671325165,0.000847215181377912,0.04196468718364309,-0.45,0.45,0.358730659423405,false,60.0111,1155.71,54.3609
0.07140828567160228,0.0009445937657969487,0.04105488650757593,-0.45,0.45,0.33071174670990466,false,60.0188,1155.36,52.2346
0.07143246910343769,0.0007769272121846309,0.04115382144341045,-0.45,0.45,0.3544818972357857,false,60.0103,1156.12,52.9438
0.0698424482645323,0.0008607226566667093,0.044829206027327234,-0.45,0.45,0.3156463609565105,false,60.0161,1153.81,53.5994
0.06512807491283769,0.0008396760328010401,0.03888452465295461,-0.45,0.45,0.3159256776445331,true,36.1168,609.442,28.3123
0.06588633260994438,0.0008588119470888726,0.039625199682031674,-0.45,0.45,0.3192311010113861,true,36.1465,608.88,27.1642
0.07325258192443822,0.0008274427069147982,0.037468537347994,-0.45,0.45,0.3589792466349095,false,60.0091,1154.16,51.4617
0.07004260363311463,0.0008801857055451434,0.040716982013578186,-0.45,0.45,0.3463922064491998,false,60.0101,1154.41,52.5102
0.07070890426475616,0.0008763575651154922,0.04210093650202638,-0.45,0.45,0.2576189597129403,false,60.0207,1153.4,52.2522
0.06957772889877852,0.0008183015081337005,0.03627595378648852,-0.45,0.45,0.3110842473209094,true,36.001,606.981,25.8757
0.0677049376518489,0.0009430505916694419,0.03945919689405335,-0.45,0.45,0.3169595910958692,true,36.0573,607.505,25.8051
0.07053093889032003,0.0008255443617274182,0.03520431120906784,-0.45,0.45,0.31302990291719524,true,35.9395,606.347,25.1248
0.07220164152513178,0.000854615386896693,0.041967032435522425,-0.45,0.45,0.37380754776161873,false,60.0151,1153.87,52.7475
0.06926240929682946,0.0008465575144177886,0.042565598599924405,-0.45,0.45,0.3693891600123102,false,60.0303,1153.16,53.954
0.06774536229029736,0.0008710773621398691,0.044367933276447544,-0.45,0.45,0.3388042402083838,false,60.0169,1154.49,54.8032
0.0696692307014843,0.0008663160531096877,0.0501166175180308,-0.45,0.45,0.39989672242014745,false,60.0031,1153.25,55.601
0.06975303006348887,0.0009164611379873992,0.03900636554934045,-0.45,0.45,0.3686752246877043,true,36.0227,608.398,26.1385
0.06825146386071212,0.000891844132232197,0.04193794234402956,-0.45,0.45,0.32685433197286656,false,60.0152,1153.95,54.9243
0.0670831954927566,0.0008706667532104408,0.04158776028548722,-0.45,0.45,0.29264252218193226,false,60.0113,1152.56,53.8834
0.06653754958561812,0.0008847413678077578,0.04215352541250393,-0.45,0.45,0.37018898505652076,true,36.0764,607.723,27.0642
0.06973070257389778,0.0008934788134932318,0.04496813989462481,-0.45,0.45,0.3722971956224785,false,60.0218,1154.22,53.3362
0.06961536293139707,0.0009699272603608853,0.03984640921627903,-0.45,0.45,0.30650615652591695,false,60.013,1154.46,53.319
0.06873849002953546,0.0009116023424207042,0.04259094435515907,-0.45,0.45,0.3530410025277876,false,60.0079,1154.12,53.9003
0.06918561064408907,0.0008980265168529343,0.0432582128656653,-0.45,0.45,0.3644800305420051,false,60.024,1154.78,53.0131
0.06776809062214448,0.0008707169089972006,0.037978590623351495,-0.45,0.45,0.24642600989359117,true,35.9235,606.774,26.3112
0.07070038325940174,0.0009050633228997135,0.04052507518711774,-0.45,0.45,0.3557295097804873,false,60.0212,1154.02,52.6253
0.06982392278469364,0.0008674316574088663,0.04005146150886995,-0.45,0.45,0.38993824614486455,false,60.0013,1154.88,53.6159
0.06964051272847264,0.0008746463966482175,0.03510007240203223,-0.45,0.45,0.3368043464171705,true,35.9375,605.312,25.3479
0.06690506056988979,0.0009796152308156633,0.04176053426368644,-0.45,0.45,0.35812597975317156,true,35.9679,608.92,26.6814
0.06960286088968683,0.0008802081385002353,0.03926931695873921,-0.45,0.45,0.3565233652431632,false,60.0251,1152.96,53.1297
0.06763684660553862,0.00085261612826286,0.03834427424167763,-0.45,0.45,0.34698129599260047,true,35.9549,608.191,26.5396
0.07043704467696414,0.0009324452596822039,0.043000146259922906,-0.45,0.45,0.35974269649956475,true,36.0223,607.414,25.6195
0.06633421458937239,0.0009542645551785502,0.045201624878932756,-0.45,0.45,0.3600777421189164,false,60.0029,1152.41,56.1391
0.06907326494063926,0.0009278168260316202,0.050163572125533594,-0.45,0.45,0.39869060285840713,true,48.9722,900.229,45.5015
0.06785556244255625,0.0008935514932756201,0.034767488204439194,-0.45,0.45,0.3306090518500645,true,35.8302,605.035,25.4552
0.06785108015542354,0.0008867021937754907,0.03416892126752517,-0.45,0.45,0.3549780313899677,true,35.8436,605.453,26.601
0.06625637031052853,0.0009158137057180341,0.043053535736704,-0.45,0.45,0.3651256820051457,false,60.0015,1155.92,54.9564
0.07023010068580765,0.0009813401267117566,0.042796774112361935,-0.45,0.45,0.30985471788296665,true,36.0125,608.349,25.4346
0.06483111008100309,0.0008884224590559524,0.04131005833418189,-0.45,0.45,0.3118572567946523,true,36.0273,608.064,27.1899
0.0710307746379102,0.0008728489699411746,0.047637901109491204,-0.45,0.45,0.36553299201361583,false,60.0158,1155.22,53.737
0.06947002460149673,0.0008941871532347557,0.03843282097233529,-0.45,0.45,0.37202272721319213,false,60.0086,1153.29,52.783
0.06625271575389362,0.000842914801029931,0.045733931670992774,-0.45,0.45,0.410394934136719,true,48.9607,901.578,47.5602
0.06965077449679992,0.0008760951238899856,0.04428360679878145,-0.45,0.45,0.34611542244448357,true,36.0608,608.706,26.7077
0.06671778655921878,0.00086825650794647,0.041488028509217935,-0.45,0.45,0.31671383003310266,false,60.0091,1155.96,54.1939
0.07120514681442572,0.0008267168485604539,0.037617011997112836,-0.45,0.45,0.30318693539175967,true,36.0004,607.685,26.0042
0.07104395574674649,0.0009319678776772483,0.04208519525450112,-0.45,0.45,0.347804231627777,false,60.0251,1154.3,53.027
0.06903054077231105,0.0008868825071348894,0.03947974012088251,-0.45,0.45,0.29470089335181066,false,60.0138,1155.07,53.6681
0.06888101582615262,0.000831874219159659,0.03367109626570637,-0.45,0.45,0.33837421133886586,true,35.8507,605.659,25.4474
0.0685567788573206,0.0008577874052875133,0.04085524759238304,-0.45,0.45,0.2992048418527765,false,60.0185,1154.41,53.6549
0.06800775346858258,0.000847858754871451,0.04091055653577103,-0.45,0.45,0.3257333602268992,false,60.0253,1155.24,54.014
0.06831841565173187,0.0009606892224106306,0.03740332048673653,-0.45,0.45,0.34103469586673923,false,60.0028,1156.66,52.8017
0.06687955214093459,0.0008410120765504745,0.04084828330360851,-0.45,0.45,0.3560060314406903,false,60.0181,1153.7,54.098
0.06832360301251733,0.0009329845148994226,0.04581117561790982,-0.45,0.45,0.3046771332911349,false,60.0107,1153.16,53.6364
0.06447422799322729,0.0009233181994242854,0.03794037608771725,-0.45,0.45,0.43404625284881937,true,36.0322,606.873,26.8945
0.06726204099736917,0.0007741020552850431,0.041159019636373285,-0.45,0.45,0.345649965617017,true,36.0305,608.356,27.1747
0.06996977225458745,0.0009101387655539939,0.044549196433955385,-0.45,0.45,0.26860309764189444,false,60.0044,1154.47,52.9237
0.06556829889299576,0.0008847200457604344,0.039773935127908916,-0.45,0.45,0.3708995034065673,false,60.0123,1153.84,55.3548
0.07053012545285728,0.0009101577355330657,0.0434829971485672,-0.45,0.45,0.2906652347865828,false,60.0062,1154.83,52.1521
0.07004602662949405,0.0009239730121561829,0.04479635475716907,-0.45,0.45,0.40110934839218537,false,60.01,1153.07,53.8451
0.06879716826497528,0.0009089865773258014,0.040700688008738856,-0.45,0.45,0.26887591653990944,true,36.0347,607.465,25.9103
0.06906354588090277,0.0008890561927514191,0.042653715343066875,-0.45,0.45,0.3371731474842126,false,60.0014,1152.94,53.7005
0.07076403635874386,0.0008900930122929862,0.046201350561938956,-0.45,0.45,0.33417563509877535,false,60.0041,1153.39,53.3949
0.06779829960937751,0.0007710495777246724,0.04421700720853652,-0.5,0.5,0.3380198061178879,true,33.3646,608.231,25.8627
0.07637254402573297,0.0008832539383956138,0.047632754814448966,-0.5,0.5,0.3759402586021175,false,60.0202,1276.87,49.4379
0.056648987025495985,0.0007791248160903656,0.04521218599893155,-0.5,0.5,0.2895133920760848,true,33.2831,605.393,28.1184
0.06593661286939922,0.0010115942389651272,0.040474301691569854,-0.5,0.5,0.3353144725458317,true,33.277,606.763,25.1997
0.05875522820929491,0.0009694205614324868,0.034591342421824586,-0.5,0.5,0.48840846756434314,true,33.2847,604.985,26.7721
0.06955330017480463,0.0010260668719672102,0.0364985561410199,-0.5,0.5,0.366681451715017,true,33.2181,604.189,23.9459
0.06095739946688223,0.0008409705272757187,0.04703124036214585,-0.5,0.5,0.282855573960146,true,33.3647,608.426,27.0087
0.07624511539192545,0.0008415311965594254,0.048687909925577734,-0.5,0.5,0.3237248575830459,false,60.0276,1275.22,49.6402
0.060341712186447675,0.0008184646670566369,0.04223134870034062,-0.5,0.5,0.2957042123873007,true,33.3021,606.676,26.7899
0.07110394733082419,0.0008291125787021777,0.04236844441421934,-0.5,0.5,0.16892814740899875,true,34.7236,609.005,26.6972
0.07490368578022132,0.0009431858346892415,0.04696701586718423,-0.5,0.5,0.16927280432708938,false,60.022,1138.99,53.4616
0.0687924721348281,0.0010063718412441874,0.04545188770015273,-0.5,0.5,0.35711976949414437,false,60.0023,1279.33,51.0906
0.06300213274156834,0.000836633867003133,0.03735747754219396,-0.5,0.5,0.2952871338575523,true,33.1949,604.23,25.407
0.06090423371256809,0.0008972923619636103,0.0445233047272219,-0.5,0.5,0.41032238978332314,true,45.1844,903.69,46.6113
0.06364368366653139,0.0007931670681579995,0.048926066470254874,-0.5,0.5,0.2792830238889175,true,33.4686,609.227,26.5249
0.06315389435138956,0.0008074260231489456,0.0357797979421001,-0.5,0.5,0.44515175358375053,true,33.2602,604.8,25.8481
0.07100995922124152,0.0007953848914563213,0.034983049338646446,-0.5,0.5,0.41963081533363195,true,33.1819,604.558,23.8338
0.07230068403118699,0.000876905471941555,0.0452537810461125,-0.5,0.5,0.2432972178970483,false,60.0112,1269.39,51.3948
0.06349631114365692,0.0007591451640815395,0.03603964510051377,-0.5,0.5,0.228235438125839,true,33.2777,604.976,25.3594
0.06515349767900151,0.000829745103188753,0.04504162506763286,-0.5,0.5,0.4532318832091338,true,33.3906,608.667,26.5393
0.06877910419440988,0.000884355191924597,0.04186468334106233,-0.5,0.5,0.3378105080680541,true,33.3461,608.323,25.4775
0.06595678407078825,0.0007193560467600571,0.038286498464904485,-0.5,0.5,0.24609966769683186,true,33.1685,604.473,25.3932
0.06857435168309313,0.0007930415636496769,0.03709271421721241,-0.5,0.5,0.19604017458637096,true,33.2275,604.373,24.6888
0.0647379969462856,0.0007782049431837831,0.036874984745908404,-0.5,0.5,0.4184183110596483,true,33.2108,604.735,25.5057
0.0625015540447233,0.0008110347564775086,0.04151235692717618,-0.5,0.5,0.32652941805352215,true,33.2708,605.341,26.2276
0.06236230892827013,0.0011127954895962138,0.04282494176391438,-0.5,0.5,0.460777015714514,true,33.3719,608.027,26.0822
0.06416898618553774,0.0007485174859421099,0.04290750010211459,-0.5,0.5,0.37865569890461676,true,45.1649,900.853,45.7736
0.08062528083287715,0.0008745987171028213,0.045661951893104236,-0.5,0.5,0.36192172762181635,false,60.025,1276.91,46.87
0.05730649673954077,0.000789571242991313,0.045886496758621546,-0.5,0.5,0.5828256810542571,true,33.3068,606.567,28.0866
0.06259315291439153,0.0007906147836239069,0.04557708654834377,-0.5,0.5,0.3670659941365999,true,33.3128,607.294,26.4507
0.07053790621851343,0.0008841583980450495,0.0423270957161289,-0.5,0.5,0.15270261228412993,false,60.0021,1122.87,55.67
0.07429275192177402,0.0009211336437342884,0.042441538465449985,-0.5,0.5,0.5410099873629824,false,60.0153,1278.44,49.1267
0.06543951700529663,0.0009472429198546066,0.03790705341261886,-0.5,0.5,0.44090331438792374,true,33.2458,603.919,25.4834
0.059641965449842974,0.0008479888637818811,0.03989078120349184,-0.5,0.5,0.5284744075883273,true,33.197,605.239,26.1527
0.06614989091665875,0.0008464250833443067,0.040881977616124804,-0.5,0.5,0.31607576892770484,true,33.3122,608.193,25.4804
0.06267373672435718,0.0008121231747742875,0.04013721015493294,-0.5,0.5,0.3832000955256867,true,33.2386,604.623,25.9365
0.06795104007536533,0.0007998033821252115,0.03624267459496112,-0.5,0.5,0.5194176756397096,true,33.183,604.223,25.0202
0.05995761427980992,0.0008835530701913584,0.04275622226147716,-0.5,0.5,0.42189360224010924,true,33.3264,607.079,27.7748
0.06646824205519995,0.000841809209952154,0.04081162475330355,-0.5,0.5,0.2939668806558121,true,33.3776,608.491,26.0576
0.06589107725118988,0.0008493682646245127,0.042425212566800014,-0.5,0.5,0.49428425070229226,true,33.2968,607.29,25.9046
0.05944292507257085,0.0010890747453924687,0.04287716941663629,-0.5,0.5,0.3204824503641472,true,33.3505,606.528,26.9565
0.0751317997772279,0.0008427751360285602,0.04680384769883684,-0.5,0.5,0.23595004668341618,false,60.0317,1247.6,51.3381
0.06445083862691604,0.0008375705254397189,0.0387642408436129,-0.5,0.5,0.3439086559188966,true,33.2633,605.003,26.1171
0.05840570829779418,0.0009364437036386118,0.03951279240232933,-0.5,0.5,0.48941725099380257,true,33.2337,604.965,26.9493
0.06511690319180052,0.0006944086553719429,0.04683166763904087,-0.5,0.5,0.6103165784019966,true,45.1097,900.113,45.194
0.0705178012923584,0.0009289055068614949,0.04576316444776084,-0.5,0.5,0.44113927331077324,false,60.0234,1274.4,52.7625
0.06668589298914411,0.0007691681405282138,0.042261886927695294,-0.5,0.5,0.42143946226673595,true,44.6003,887.103,42.1416
0.06667472254639785,0.0007628479373458831,0.03824856883866919,-0.5,0.5,0.3373797453624448,true,33.1766,604.706,24.7814
0.05650657756418542,0.0009076124282916101,0.04789108386052627,-0.5,0.5,0.2783131861094504,true,33.3081,607.529,28.8922
0.06435111498698799,0.0009391389419003171,0.03816895815190611,-0.5,0.5,0.29138395626418523,true,33.2141,603.828,25.9317
0.07214287148121507,0.0007832153309314422,0.04701386319870966,-0.5,0.5,0.31243623252571645,false,60.0065,1275.39,51.6051
0.0768461597805672,0.0008530495371185491,0.04162670623384262,-0.5,0.5,0.440990334573282,false,60.0304,1278.32,49.3684
0.06814020622227245,0.0011005468941715573,0.03620162038221086,-0.5,0.5,0.3174580826776759,true,33.1719,604.289,25.7363
0.07249362497861286,0.0009375491098146886,0.04036010443839637,-0.5,0.5,0.33454747224654363,true,33.3159,605.69,24.4905
0.05867525126980626,0.0008152439947424817,0.039513429923939934,-0.5,0.5,0.27203878364487094,true,33.2779,605.666,27.1091
0.06715831867612146,0.0008112124389454771,0.04389541102954897,-0.5,0.5,0.4622557283960171,true,33.4928,609.364,26.9038
0.06693812056222012,0.0009528327649448693,0.04073918535675785,-0.5,0.5,0.33053714351928076,true,33.3348,608.137,25.2634
0.06357326578635113,0.0009791543284659527,0.03906260782295887,-0.5,0.5,0.31577461219558023,true,33.2716,606.213,25.6751
0.06196474449907669,0.0010428517451885166,0.03735002441908593,-0.5,0.5,0.5541988592650765,true,33.1329,604.493,24.9047
0.06897233590476443,0.0010546375858171372,0.04628412739651279,-0.5,0.5,0.35302950372107167,true,45.2747,903.6,42.9076
0.07541279626437061,0.0008748621996701109,0.03999781850135342,-0.5,0.5,0.3428135063219368,true,33.2934,605.972,23.6219
0.06614130336391803,0.0008239778594040862,0.044276801602549654,-0.5,0.5,0.2956132231092739,true,33.1006,599.538,29.4331
0.06319845711761132,0.0009055898963748302,0.046653629547968964,-0.5,0.5,0.47299065225387166,true,33.289,607.677,26.198
0.07680195115084776,0.0008714439178363997,0.0500236142588471,-0.5,0.5,0.3947026320036832,false,60.0215,1276.34,49.9143
0.06981729563674448,0.0008238462254733043,0.04389767806534693,-0.5,0.5,0.2971058596935444,true,44.5662,885.339,43.8306
0.07276786477424621,0.0007212300148900136,0.04509986797969379,-0.5,0.5,0.3349064177919879,true,44.5285,885.589,42.3597
0.07766027264168703,0.0009255998444157416,0.04107878541364049,-0.5,0.5,0.3066549194435465,true,33.2636,601.771,24.8658
0.06858568330951156,0.000874886560462473,0.0361893489069936,-0.5,0.5,0.3878335470160669,true,33.2157,604.469,23.8746
0.07050223157237576,0.0008412123875592998,0.04597488570821548,-0.5,0.5,0.49453876747161557,false,60.0281,1276.29,51.8653
0.07466839872718926,0.0007823511120537486,0.04578268237039007,-0.5,0.5,0.30264834557705306,true,32.9999,595.118,28.8138
0.08255270772383788,0.0007743835380348646,0.040834328846115216,-0.5,0.5,0.2503730009752966,true,33.0314,596.636,23.8495
0.07424826987748814,0.0008044459711345091,0.04172982028874846,-0.5,0.5,0.45449101296722927,false,60.022,1278.18,51.1955
0.07460070527503437,0.0009582109358830686,0.046291145930423404,-0.5,0.5,0.34312519047881324,true,32.696,591.629,23.597
0.059380082375682174,0.0008713653604877396,0.03545510057738046,-0.5,0.5,0.25189713510089845,true,33.1409,602.535,25.5742
0.07689657229232215,0.0008784700631036528,0.049227105419679666,-0.5,0.5,0.49288410323824655,true,38.9431,745.047,36.0545
0.07504291945481317,0.001000163002981409,0.04318577136699916,-0.5,0.5,0.3060448543307283,true,38.744,740.696,31.3575
0.06494140837266134,0.0009732425920070119,0.04258389508536124,-0.5,0.5,0.29616983141877384,true,33.2653,605.635,26.6537
0.06384911525365286,0.0009114382254577142,0.045193850628090046,-0.5,0.5,0.3966280322294862,true,33.3374,605.95,28.0612
0.07184843861246332,0.0008103174799417589,0.04736532152026859,-0.5,0.5,0.26008940251221724,true,45.533,899.9,43.2917
0.07455304831345576,0.0009798823315157184,0.04418000718224556,-0.5,0.5,0.6391062223900724,false,60.0132,1278.83,47.5655
0.07588348946755076,0.0009517545316687948,0.03741103076167374,-0.5,0.5,0.4838448773973991,true,33.1725,603.384,23.2334
0.07480915747677673,0.0010236117456301995,0.04187019228203771,-0.5,0.5,0.2993096396291661,false,60.0006,1278.25,48.1336
0.07412324716390842,0.0007325667192693959,0.045803487741087355,-0.5,0.5,0.2487993667667866,false,60.0011,1222.01,54.6435
0.06483017131800145,0.0008804827404538677,0.046621393531865965,-0.5,0.5,0.3550104611282991,true,45.132,901.961,45.5939
0.07774657968659603,0.000991273757360863,0.043996360013180226,-0.5,0.5,0.29571584926380085,false,60.0228,1252.35,50.5906
0.060489803632288563,0.0007955591415660454,0.04158328070798292,-0.5,0.5,0.3933283597010757,true,33.3117,607.386,27.1894
0.06935993505777378,0.001051305786541042,0.04717067474337168,-0.5,0.5,0.5880718645504595,false,60.003,1278.06,49.9414
0.07756757087006218,0.0009744547270605067,0.04503840414375276,-0.5,0.5,0.4114529147852712,false,60.0081,1276.25,48.7577
0.06154367812646119,0.0008665613111105071,0.048177285058667446,-0.5,0.5,0.5881053804342957,true,33.4357,608.169,27.3323
0.07448079801864825,0.0009245067541246615,0.04245899032984206,-0.5,0.5,0.407295459728536,false,60.0267,1278.8,50.1221
0.06877061885838161,0.0009868831142619571,0.04248926724617554,-0.5,0.5,0.5992422110188218,true,33.3978,606.215,26.0735
0.0740177772982979,0.0008419572444504326,0.042931819939718764,-0.5,0.5,0.28822605016354974,true,47.6224,955.151,48.3774
0.07333374027991936,0.0009768833581847486,0.04111922899574084,-0.5,0.5,0.34713700728879743,true,32.9412,598.019,24.3508
0.0725405308464518,0.0008480544260441149,0.047958051273643235,-0.5,0.5,0.4526190182996709,true,29.534,496.556,26.0701
0.0669393197320742,0.0009488936399064597,0.03994899987076444,-0.5,0.5,0.4592091325580426,true,33.0313,598.937,27.3731
0.07378654079079211,0.0009397857906839115,0.044496623565046974,-0.5,0.5,0.3329611635668491,true,33.4866,608.303,27.6897
0.07038145338066136,0.0008991209293754144,0.040367301637597455,-0.5,0.5,0.21693625695266375,false,60.0042,1250.45,51.7447
0.0718931404121116,0.0009538166217111969,0.04105676847875688,-0.5,0.5,0.4325990998794045,true,33.3872,608.238,24.7617
0.06228008455368164,0.0008058899218533739,0.043731511350552366,-0.5,0.5,0.3866117142389734,true,29.6374,502.542,29.1045
0.07139292050532721,0.0009300719659422822,0.040981828666612284,-0.5,0.5,0.2606009475374185,true,33.3383,605.792,24.1358
0.06848355752448386,0.0007678489936977035,0.044472793439473204,-0.5,0.5,0.4222181832444582,false,60.0246,1275.95,55.3104
0.07060799559256185,0.000922321042499529,0.042394033652591555,-0.5,0.5,0.397957305103076,true,33.3598,608.14,25.2665
0.07662969817205126,0.0010065441843281726,0.03760296767928933,-0.5,0.5,0.4246811635234368,true,33.1921,603.354,23.6164
0.07424948296362792,0.0008603556091519392,0.0433689417498115,-0.5,0.5,0.62812428650902,false,60.0081,1273.19,53.2509
0.07240848595140319,0.0008566298139707681,0.04847014092739414,-0.5,0.5,0.6137047330379068,true,45.1633,900.529,42.2087
0.0694016769151278,0.0008262838982283676,0.04220300724305052,-0.5,0.5,0.3119241361140427,true,33.2958,606.879,25.0886
0.06945174020487023,0.0007653505167973699,0.04302118019497336,-0.5,0.5,0.45640455721648854,true,33.32,605.552,26.055
0.08142593205688127,0.0007972340775008102,0.0429191063357488,-0.5,0.5,0.31085136921030343,false,60.0275,1276.19,48.6144
0.06690523894043572,0.000907160030000577,0.04345413217296285,-0.5,0.5,0.24335972916434012,false,60.0039,1270.68,53.4391
0.07042580529252118,0.0008263182261058735,0.05113558592867818,-0.5,0.5,0.42509724506822283,true,49.1837,998.668,51.5796
0.07601623936901603,0.0007444655273723096,0.04469368815652008,-0.5,0.5,0.2939244765477549,false,60.0027,1276.39,50.8305
0.07485298693165474,0.0008824674402883378,0.040129594158080845,-0.5,0.5,0.2982986094521602,true,33.1176,599.427,28.7079
0.07144330931971617,0.0008836619410380321,0.04451159003525018,-0.5,0.5,0.2920690873492439,false,60.0208,1268.04,52.5624
0.07036574198287936,0.0010185104981793203,0.037891589377692464,-0.5,0.5,0.37493056454445384,true,33.3245,606.656,23.4915
0.07382999687786308,0.0008327617277878902,0.045631758702766693,-0.5,0.5,0.17538008192400908,false,60.0082,1137.83,54.2262
0.07741641998550451,0.0009670550275509686,0.04236929052631688,-0.5,0.5,0.43563681781447106,true,29.4941,498.383,24.442
0.06615300753929709,0.0009623398126950114,0.04265664342939648,-0.5,0.5,0.3542949265313424,true,33.3525,607.129,25.2598
0.0735523651373528,0.0008365718559415877,0.04668329393516164,-0.5,0.5,0.32094688845254543,false,60.0077,1278.93,49.8588
0.06935644075202523,0.0009149795411334384,0.041157030117849464,-0.5,0.5,0.12978919803625857,false,60.0194,1051.08,58.6158
0.07296212229211177,0.0007169700506741894,0.04123982379122199,-0.5,0.5,0.45628798809597254,false,60.0122,1277.11,51.004
0.07619425869563268,0.0008463158193608399,0.043207414819846184,-0.5,0.5,0.4059837555420115,true,44.4929,884.798,37.9499
0.06845859031261645,0.0009867688119585764,0.0439790197997794,-0.5,0.5,0.484418644846272,false,60.0314,1278.29,52.1927
0.07657106700108719,0.0007828530754415465,0.04622155771245337,-0.5,0.5,0.35208550872289557,false,60.0198,1278.24,49.3731
0.07268175996105937,0.0010397299266065422,0.045587890388375865,-0.5,0.5,0.3834264669811336,true,29.4829,499.369,25.4128
0.08189103560096062,0.0008832608994196701,0.040688167037440194,-0.5,0.5,0.46672446654225874,true,30.0728,508.324,28.8493
0.07454526650269462,0.0008790641613349858,0.04099816475563598,-0.5,0.5,0.2339267822850784,true,32.6684,558.888,31.4861
0.07446281926017573,0.0009275727132212969,0.03965800353482187,-0.5,0.5,0.23922142224020615,true,33.6692,605.202,24.2991
